State,Substate Region,12-17 Estimate,"12-17 
95% CI (Lower)","12-17 
95% CI (Upper)",18-25 Estimate,"18-25 
95% CI (Lower)","18-25 
95% CI (Upper)",26 or Older Estimate,26 or Older 95% CI (Lower),26 or Older 95% CI (Upper),18 or Older Estimate,18 or Older 95% CI (Lower),18 or Older 95% CI (Upper)
Total United States,Total United States,10.12%,9.76%,10.48%,58.36%,57.70%,59.02%,55.56%,55.11%,56.01%,55.96%,55.56%,56.37%
Northeast,Northeast,11.77%,11.06%,12.51%,63.74%,62.54%,64.93%,60.31%,59.38%,61.23%,60.79%,59.95%,61.62%
Midwest,Midwest,10.24%,9.69%,10.82%,62.11%,61.10%,63.11%,58.77%,57.93%,59.61%,59.25%,58.49%,60.01%
South,South,9.40%,8.93%,9.89%,55.25%,54.37%,56.14%,51.62%,50.90%,52.34%,52.14%,51.49%,52.78%
West,West,10.00%,9.38%,10.66%,55.91%,54.80%,57.02%,55.30%,54.43%,56.17%,55.39%,54.61%,56.17%
Alabama,Alabama,8.74%,7.22%,10.55%,51.56%,48.31%,54.80%,44.49%,41.69%,47.33%,45.50%,43.00%,48.03%
Alabama,Region 1,8.92%,6.82%,11.58%,47.34%,41.86%,52.87%,38.76%,34.46%,43.24%,39.87%,35.90%,43.98%
Alabama,Region 2,9.00%,6.91%,11.63%,56.95%,51.52%,62.23%,49.64%,45.23%,54.07%,50.71%,46.71%,54.70%
Alabama,Region 3,7.72%,5.74%,10.32%,51.02%,45.05%,56.97%,44.32%,39.37%,49.38%,45.46%,40.91%,50.09%
Alabama,Region 4,8.94%,6.82%,11.64%,48.76%,42.84%,54.72%,44.58%,39.79%,49.47%,45.14%,40.67%,49.68%
Alaska,Alaska,10.32%,8.55%,12.42%,59.86%,56.42%,63.20%,58.00%,55.36%,60.60%,58.29%,55.92%,60.63%
Alaska,Anchorage,9.94%,7.79%,12.61%,60.13%,55.33%,64.75%,59.93%,56.28%,63.48%,59.97%,56.67%,63.17%
Alaska,Northern,9.47%,7.15%,12.45%,56.13%,49.88%,62.20%,54.48%,49.72%,59.15%,54.78%,50.38%,59.10%
Alaska,South Central,11.20%,8.74%,14.26%,61.40%,55.66%,66.85%,56.55%,52.09%,60.90%,57.24%,53.14%,61.24%
Alaska,Southeast,11.54%,8.57%,15.36%,*,*,*,61.20%,55.20%,66.88%,61.73%,56.05%,67.11%
Arizona,Arizona,9.35%,7.71%,11.29%,56.28%,52.88%,59.61%,56.19%,53.40%,58.94%,56.20%,53.67%,58.70%
Arizona,Central,9.65%,7.67%,12.07%,59.00%,54.81%,63.06%,59.65%,56.40%,62.82%,59.56%,56.59%,62.45%
Arizona,North,8.36%,6.17%,11.24%,*,*,*,45.88%,39.81%,52.07%,46.21%,40.50%,52.03%
Arizona,South,9.04%,7.14%,11.39%,53.80%,48.40%,59.11%,53.40%,48.86%,57.88%,53.46%,49.24%,57.63%
Arizona,South A,9.34%,7.09%,12.21%,56.19%,49.34%,62.81%,55.37%,49.98%,60.63%,55.49%,50.46%,60.40%
Arizona,South B,8.73%,6.49%,11.67%,*,*,*,50.98%,44.73%,57.20%,50.97%,45.10%,56.82%
Arkansas,Arkansas,9.55%,8.01%,11.35%,51.71%,48.17%,55.23%,43.10%,40.27%,45.99%,44.34%,41.77%,46.93%
Arkansas,Catchment Area 1,9.47%,7.19%,12.39%,*,*,*,49.22%,43.69%,54.77%,50.25%,45.10%,55.39%
Arkansas,Catchment Area 2,9.95%,7.49%,13.10%,*,*,*,38.50%,33.03%,44.29%,39.39%,34.19%,44.83%
Arkansas,Catchment Area 3,8.18%,6.11%,10.87%,45.15%,38.69%,51.78%,34.62%,29.77%,39.81%,36.16%,31.59%,40.99%
Arkansas,Catchment Area 4,9.50%,7.16%,12.50%,*,*,*,37.36%,31.96%,43.09%,38.61%,33.47%,44.01%
Arkansas,Catchment Area 5,10.12%,7.73%,13.13%,55.57%,49.29%,61.68%,43.66%,38.29%,49.19%,45.59%,40.65%,50.61%
Arkansas,Catchment Area 6,8.64%,6.48%,11.42%,*,*,*,36.60%,31.04%,42.53%,38.04%,32.79%,43.59%
Arkansas,Catchment Area 7,8.68%,6.46%,11.57%,*,*,*,35.67%,29.76%,42.05%,37.07%,31.35%,43.16%
Arkansas,Catchment Area 8,10.64%,8.08%,13.88%,59.43%,52.75%,65.77%,53.99%,48.69%,59.20%,54.70%,49.72%,59.58%
California,California,10.13%,9.11%,11.25%,55.64%,53.94%,57.33%,54.21%,52.88%,55.53%,54.43%,53.25%,55.59%
California,Region 1R,12.92%,9.99%,16.55%,63.73%,57.34%,69.67%,58.23%,52.62%,63.62%,59.01%,53.82%,64.01%
California,Region 2R,11.90%,9.34%,15.05%,63.27%,57.19%,68.95%,61.32%,56.42%,66.00%,61.61%,57.04%,65.99%
California,Region 3R (Sacramento),9.76%,7.52%,12.57%,56.30%,50.37%,62.05%,52.37%,47.77%,56.92%,52.94%,48.65%,57.20%
California,Region 4R,11.34%,8.89%,14.36%,60.86%,54.41%,66.96%,61.03%,56.32%,65.54%,61.01%,56.54%,65.30%
California,Region 5R (San Francisco),*,*,*,73.42%,67.25%,78.79%,65.32%,59.74%,70.51%,66.12%,60.77%,71.08%
California,Region 6 (Santa Clara),8.98%,7.09%,11.31%,55.64%,49.87%,61.25%,55.97%,51.68%,60.17%,55.93%,51.90%,59.88%
California,Region 7R (Contra Costa),11.21%,8.70%,14.32%,62.07%,55.65%,68.09%,61.36%,56.70%,65.83%,61.46%,57.01%,65.72%
California,Region 8R (Alameda),9.53%,7.40%,12.18%,58.25%,52.12%,64.13%,54.45%,49.79%,59.03%,54.95%,50.56%,59.26%
California,Region 9R (San Mateo),10.69%,8.21%,13.81%,*,*,*,60.07%,54.54%,65.34%,60.11%,54.82%,65.18%
California,Region 10,10.45%,8.11%,13.37%,59.85%,53.39%,65.98%,57.56%,52.29%,62.67%,57.94%,53.04%,62.70%
California,Region 11 (Los Angeles),9.43%,8.23%,10.79%,53.02%,50.36%,55.65%,50.29%,48.23%,52.36%,50.71%,48.83%,52.58%
California,LA SPA 1 and 5,10.68%,8.33%,13.59%,61.72%,55.88%,67.24%,59.24%,53.98%,64.29%,59.61%,54.71%,64.33%
California,LA SPA 2,10.20%,8.12%,12.73%,55.95%,50.59%,61.17%,54.78%,50.66%,58.85%,54.95%,51.14%,58.70%
California,LA SPA 3,8.52%,6.53%,11.04%,51.40%,45.37%,57.39%,45.69%,40.97%,50.50%,46.54%,42.14%,50.98%
California,LA SPA 4,9.10%,6.92%,11.88%,57.22%,50.53%,63.67%,51.18%,45.66%,56.67%,51.99%,46.72%,57.21%
California,LA SPA 6,8.55%,6.58%,11.04%,42.48%,36.24%,48.97%,38.57%,33.67%,43.72%,39.35%,34.78%,44.12%
California,LA SPA 7,8.98%,6.95%,11.53%,46.86%,40.46%,53.36%,44.26%,39.24%,49.39%,44.69%,39.99%,49.49%
California,LA SPA 8,9.99%,7.84%,12.63%,56.09%,50.16%,61.86%,53.52%,48.97%,58.01%,53.89%,49.64%,58.08%
California,Region 12R,10.40%,7.99%,13.44%,*,*,*,49.29%,43.58%,55.03%,49.83%,44.45%,55.22%
California,Regions 13 and 19R,10.12%,8.04%,12.65%,49.31%,44.32%,54.32%,51.08%,47.05%,55.11%,50.79%,47.11%,54.46%
California,Region 14 (Orange),10.55%,8.47%,13.06%,59.14%,53.95%,64.14%,58.81%,54.81%,62.69%,58.85%,55.15%,62.46%
California,Region 15R (Fresno),10.39%,7.98%,13.42%,53.11%,46.43%,59.68%,47.81%,42.61%,53.05%,48.75%,43.80%,53.72%
California,Region 16R (San Diego),10.79%,8.71%,13.31%,60.82%,56.00%,65.44%,60.47%,56.92%,63.90%,60.52%,57.27%,63.68%
California,Region 17R,9.50%,7.44%,12.05%,47.09%,41.51%,52.74%,45.02%,40.70%,49.41%,45.38%,41.41%,49.42%
California,Region 18R (San Bernardino),9.37%,7.45%,11.73%,47.82%,42.40%,53.29%,46.83%,42.55%,51.15%,47.00%,43.09%,50.95%
California,Region 20R,9.86%,7.60%,12.68%,47.31%,40.60%,54.12%,46.90%,41.62%,52.25%,46.97%,42.00%,52.00%
California,Region 21R,12.13%,9.27%,15.71%,*,*,*,58.93%,53.66%,64.01%,59.66%,54.65%,64.47%
Colorado,Colorado,11.86%,10.03%,13.98%,64.42%,61.31%,67.41%,62.60%,59.86%,65.26%,62.86%,60.43%,65.24%
Colorado,Region 1,13.18%,10.15%,16.94%,71.29%,65.41%,76.52%,65.38%,60.35%,70.10%,66.24%,61.61%,70.57%
Colorado,Region 2,10.99%,8.15%,14.67%,*,*,*,57.26%,50.76%,63.51%,57.80%,51.73%,63.65%
Colorado,Region 3,12.71%,10.04%,15.97%,63.44%,57.67%,68.85%,64.83%,60.45%,68.97%,64.63%,60.61%,68.46%
Colorado,Region 4,10.53%,7.70%,14.25%,*,*,*,48.66%,42.24%,55.12%,49.02%,42.90%,55.17%
Colorado,Region 5,9.55%,7.17%,12.61%,62.22%,55.73%,68.29%,62.69%,57.19%,67.89%,62.63%,57.48%,67.50%
Colorado,Region 6,12.12%,9.28%,15.66%,70.81%,64.97%,76.04%,67.71%,62.89%,72.18%,68.15%,63.71%,72.29%
Colorado,Region 7,11.19%,8.50%,14.59%,*,*,*,58.25%,52.67%,63.62%,58.63%,53.47%,63.60%
Connecticut,Connecticut,11.49%,9.61%,13.68%,66.34%,62.82%,69.69%,64.54%,61.63%,67.35%,64.79%,62.19%,67.31%
Connecticut,Eastern,11.39%,8.58%,14.98%,*,*,*,61.63%,55.74%,67.19%,62.41%,57.00%,67.52%
Connecticut,North Central,10.90%,8.39%,14.04%,65.61%,59.68%,71.08%,66.00%,61.56%,70.18%,65.95%,61.85%,69.83%
Connecticut,Northwestern,11.84%,9.06%,15.33%,64.29%,57.73%,70.36%,62.08%,56.63%,67.25%,62.36%,57.31%,67.16%
Connecticut,South Central,11.39%,8.78%,14.65%,68.29%,62.35%,73.69%,64.86%,59.88%,69.53%,65.34%,60.79%,69.64%
Connecticut,Southwest,12.10%,9.16%,15.81%,66.85%,60.62%,72.54%,66.03%,60.55%,71.11%,66.14%,61.06%,70.87%
Delaware,Delaware,9.65%,8.01%,11.59%,59.11%,55.81%,62.32%,57.88%,54.99%,60.72%,58.05%,55.45%,60.60%
Delaware,Kent,9.84%,7.51%,12.80%,56.51%,50.08%,62.73%,54.31%,49.10%,59.42%,54.64%,49.84%,59.36%
Delaware,New Castle (excluding Wilmington City),9.69%,7.66%,12.20%,63.04%,58.85%,67.04%,61.09%,57.43%,64.63%,61.37%,58.09%,64.56%
Delaware,Sussex,10.01%,7.61%,13.07%,52.78%,45.97%,59.48%,54.67%,49.60%,59.64%,54.48%,49.68%,59.20%
Delaware,Wilmington City,8.05%,5.87%,10.95%,*,*,*,55.05%,48.34%,61.58%,54.68%,48.32%,60.90%
District of Columbia,District of Columbia,10.77%,8.88%,13.00%,73.00%,69.88%,75.90%,71.68%,69.10%,74.13%,71.91%,69.64%,74.06%
District of Columbia,Ward 1,*,*,*,82.13%,76.89%,86.39%,78.89%,73.99%,83.08%,79.48%,75.02%,83.32%
District of Columbia,Ward 2,*,*,*,82.03%,77.04%,86.13%,83.09%,78.88%,86.61%,82.82%,79.01%,86.06%
District of Columbia,Ward 3,14.86%,11.12%,19.59%,84.58%,79.50%,88.58%,83.35%,78.98%,86.97%,83.56%,79.48%,86.95%
District of Columbia,Ward 4,11.99%,8.98%,15.83%,*,*,*,68.74%,63.27%,73.73%,68.82%,63.55%,73.64%
District of Columbia,Ward 5,9.56%,6.99%,12.94%,*,*,*,64.16%,58.58%,69.37%,64.95%,59.78%,69.78%
District of Columbia,Ward 6,11.30%,8.46%,14.95%,83.69%,79.44%,87.20%,79.61%,75.46%,83.22%,80.12%,76.29%,83.46%
District of Columbia,Ward 7,8.28%,6.08%,11.19%,*,*,*,52.73%,46.57%,58.81%,52.33%,46.67%,57.94%
District of Columbia,Ward 8,9.87%,7.38%,13.09%,*,*,*,58.14%,52.46%,63.61%,57.39%,52.16%,62.47%
Florida,Florida,9.83%,8.77%,11.01%,57.54%,55.54%,59.51%,57.69%,56.07%,59.30%,57.67%,56.22%,59.11%
Florida,Broward (Circuit 17),9.51%,7.52%,11.97%,58.66%,53.36%,63.77%,58.59%,54.04%,62.99%,58.60%,54.39%,62.68%
Florida,Central I,9.82%,8.25%,11.65%,60.37%,56.56%,64.06%,57.83%,54.56%,61.04%,58.19%,55.21%,61.12%
Florida,Circuit 9,9.05%,7.25%,11.25%,59.15%,54.54%,63.60%,54.22%,50.04%,58.35%,55.00%,51.22%,58.72%
Florida,Circuit 18,11.07%,8.73%,13.93%,62.71%,56.58%,68.45%,62.88%,58.00%,67.51%,62.86%,58.30%,67.20%
Florida,Central II,9.73%,8.40%,11.25%,57.25%,54.11%,60.34%,59.18%,56.77%,61.55%,58.97%,56.73%,61.17%
Florida,Circuit 6,10.35%,8.13%,13.07%,60.57%,54.78%,66.07%,63.38%,58.83%,67.70%,63.10%,58.80%,67.20%
Florida,Circuit 10,9.28%,7.22%,11.86%,50.77%,44.65%,56.88%,50.58%,45.65%,55.50%,50.60%,46.00%,55.19%
Florida,Circuit 12,10.36%,8.03%,13.27%,60.62%,53.79%,67.06%,63.23%,57.96%,68.21%,62.99%,57.94%,67.77%
Florida,Circuit 13 (Hillsborough),9.48%,7.50%,11.91%,59.04%,53.52%,64.35%,58.41%,54.22%,62.47%,58.50%,54.61%,62.27%
Florida,Circuit 20,9.28%,7.14%,11.98%,*,*,*,57.37%,52.30%,62.28%,56.99%,52.12%,61.72%
Florida,Northeast,10.08%,8.59%,11.81%,56.57%,53.06%,60.02%,56.76%,53.95%,59.52%,56.73%,54.15%,59.27%
Florida,Circuit 4,9.12%,7.10%,11.65%,57.99%,52.01%,63.74%,58.37%,53.50%,63.07%,58.32%,53.82%,62.68%
Florida,Circuit 5,10.66%,8.30%,13.60%,52.38%,45.85%,58.83%,56.05%,51.04%,60.94%,55.71%,50.94%,60.38%
Florida,Circuit 7,10.87%,8.44%,13.89%,57.52%,51.12%,63.67%,58.94%,53.63%,64.05%,58.78%,53.77%,63.61%
Florida,"Circuit 8 plus Columbia, Dixie, Hamilton, Lafayette, and Suwannee",10.03%,7.66%,13.02%,*,*,*,50.82%,45.17%,56.45%,52.16%,46.83%,57.44%
Florida,Northwest,10.72%,8.90%,12.86%,64.18%,60.34%,67.85%,57.60%,54.01%,61.10%,58.65%,55.42%,61.82%
Florida,Circuit 1,10.10%,7.81%,12.97%,61.98%,56.25%,67.39%,56.12%,50.79%,61.31%,56.95%,52.07%,61.70%
Florida,Circuit 2 plus Madison and Taylor,12.09%,9.15%,15.80%,70.23%,64.38%,75.49%,63.99%,58.37%,69.25%,65.32%,60.26%,70.05%
Florida,Circuit 14,*,*,*,*,*,*,52.45%,45.88%,58.94%,52.74%,46.50%,58.89%
Florida,South (Circuits 11 and 16),9.37%,7.53%,11.61%,52.66%,47.93%,57.33%,52.95%,49.34%,56.54%,52.92%,49.59%,56.21%
Florida,Southeast,9.94%,8.20%,12.01%,55.40%,50.72%,59.98%,60.64%,56.80%,64.35%,60.07%,56.45%,63.57%
Florida,Circuit 15 (Palm Beach),9.52%,7.48%,12.04%,55.15%,49.33%,60.84%,61.43%,56.62%,66.02%,60.74%,56.23%,65.07%
Florida,Circuit 19,10.86%,8.44%,13.87%,*,*,*,58.91%,53.31%,64.29%,58.60%,53.25%,63.74%
Georgia,Georgia,7.88%,6.60%,9.38%,54.44%,51.63%,57.21%,51.39%,49.04%,53.74%,51.84%,49.74%,53.94%
Georgia,Region 1,7.88%,6.12%,10.09%,52.04%,46.99%,57.05%,51.83%,48.02%,55.61%,51.85%,48.36%,55.33%
Georgia,Region 2,8.20%,6.22%,10.74%,56.81%,51.12%,62.33%,50.08%,45.33%,54.84%,51.20%,46.85%,55.52%
Georgia,Region 3,7.57%,5.89%,9.68%,57.24%,52.56%,61.79%,56.30%,52.34%,60.19%,56.44%,52.83%,59.97%
Georgia,Region 4,8.77%,6.45%,11.83%,*,*,*,45.40%,39.64%,51.29%,46.35%,40.88%,51.91%
Georgia,Region 5,7.84%,5.92%,10.31%,53.28%,46.95%,59.51%,45.37%,40.13%,50.71%,46.68%,41.82%,51.60%
Georgia,Region 6,7.90%,6.00%,10.34%,52.84%,46.66%,58.92%,48.62%,43.81%,53.45%,49.25%,44.77%,53.74%
Hawaii,Hawaii,9.67%,7.93%,11.73%,54.76%,51.25%,58.23%,47.51%,44.72%,50.32%,48.46%,45.95%,50.97%
Hawaii,Hawaii Island,10.22%,7.60%,13.61%,*,*,*,45.97%,40.58%,51.46%,46.36%,41.29%,51.51%
Hawaii,Honolulu,9.44%,7.52%,11.77%,56.17%,52.06%,60.20%,47.50%,44.26%,50.76%,48.67%,45.75%,51.59%
Hawaii,Kauai,10.56%,7.70%,14.31%,*,*,*,51.45%,45.04%,57.82%,51.98%,45.88%,58.03%
Hawaii,Maui,9.96%,7.39%,13.30%,*,*,*,47.71%,41.90%,53.58%,48.09%,42.56%,53.66%
Idaho,Idaho,9.54%,7.88%,11.51%,48.44%,45.23%,51.67%,48.99%,46.17%,51.82%,48.91%,46.41%,51.42%
Idaho,Region 1,10.70%,8.03%,14.12%,*,*,*,51.90%,45.78%,57.97%,51.91%,46.13%,57.63%
Idaho,Region 2,*,*,*,*,*,*,51.13%,44.39%,57.83%,52.25%,46.01%,58.42%
Idaho,Region 3,9.34%,7.12%,12.16%,44.96%,38.87%,51.21%,44.18%,39.12%,49.37%,44.30%,39.64%,49.05%
Idaho,Region 4,11.21%,8.53%,14.60%,59.26%,53.81%,64.49%,59.40%,55.16%,63.50%,59.38%,55.48%,63.17%
Idaho,Region 5,9.55%,7.20%,12.58%,*,*,*,45.70%,40.30%,51.21%,45.88%,40.85%,51.00%
Idaho,Region 6,8.32%,6.05%,11.33%,*,*,*,45.73%,39.13%,52.48%,46.04%,39.78%,52.43%
Idaho,Region 7,6.62%,4.76%,9.14%,31.65%,25.78%,38.17%,33.38%,28.32%,38.86%,33.06%,28.48%,37.99%
Illinois,Illinois,9.72%,8.54%,11.05%,60.19%,57.86%,62.47%,58.86%,57.05%,60.65%,59.05%,57.43%,60.64%
Illinois,Region 1 (Cook),8.96%,7.59%,10.55%,59.36%,56.25%,62.40%,58.25%,55.73%,60.74%,58.41%,56.10%,60.68%
Illinois,Region 1.1 (Far North Side),*,*,*,*,*,*,61.35%,55.35%,67.03%,61.89%,56.12%,67.34%
Illinois,Region 1.2 (Northwest Side),*,*,*,*,*,*,51.36%,44.58%,58.09%,51.76%,45.30%,58.17%
Illinois,Region 1.3 (North Central Side),*,*,*,*,*,*,71.93%,66.55%,76.75%,72.67%,67.58%,77.23%
Illinois,Region 1.4 (West Side),7.81%,5.82%,10.41%,*,*,*,53.89%,47.95%,59.73%,53.77%,48.15%,59.30%
Illinois,Region 1.5 (South Side),7.98%,5.99%,10.56%,*,*,*,53.28%,46.97%,59.49%,53.51%,47.60%,59.33%
Illinois,Region 1.6 (Southwest Side),7.92%,5.95%,10.47%,*,*,*,45.38%,39.42%,51.47%,45.97%,40.39%,51.65%
Illinois,Region 1.7 (Suburban Cook),9.63%,7.73%,11.94%,59.63%,54.81%,64.27%,59.43%,55.87%,62.88%,59.45%,56.17%,62.65%
Illinois,Region 2,10.13%,8.62%,11.87%,59.24%,55.72%,62.66%,63.12%,60.57%,65.59%,62.56%,60.23%,64.84%
Illinois,Region 2a (DuPage),10.46%,8.15%,13.33%,61.68%,55.29%,67.69%,67.93%,63.21%,72.31%,67.10%,62.70%,71.21%
Illinois,Region 2b,10.06%,8.17%,12.34%,56.50%,51.67%,61.21%,63.44%,59.94%,66.80%,62.43%,59.21%,65.54%
Illinois,Region 2c (Winnebago),9.82%,7.37%,12.97%,*,*,*,53.09%,46.83%,59.26%,53.83%,47.83%,59.72%
Illinois,Region 2d,10.05%,7.72%,12.97%,64.97%,58.54%,70.90%,59.56%,54.03%,64.86%,60.38%,55.21%,65.33%
Illinois,Region 3,10.42%,8.38%,12.89%,64.58%,60.15%,68.78%,57.24%,53.43%,60.98%,58.46%,55.01%,61.82%
Illinois,Region 3a (Champaign),*,*,*,*,*,*,61.28%,54.71%,67.46%,63.60%,57.77%,69.06%
Illinois,Region 3b,10.52%,8.31%,13.22%,62.96%,57.81%,67.84%,56.67%,52.49%,60.76%,57.58%,53.74%,61.33%
Illinois,Region 4,10.71%,8.62%,13.23%,59.46%,53.70%,64.98%,54.97%,50.65%,59.21%,55.58%,51.54%,59.54%
Illinois,Region 4a (Sangamon),*,*,*,*,*,*,59.04%,52.30%,65.45%,59.30%,52.88%,65.43%
Illinois,Region 4b,10.89%,8.51%,13.83%,59.03%,52.20%,65.53%,53.79%,48.73%,58.78%,54.52%,49.76%,59.19%
Illinois,Region 5,9.84%,8.00%,12.05%,61.26%,56.42%,65.88%,52.29%,48.40%,56.16%,53.52%,49.89%,57.11%
Illinois,Region 5a,8.96%,6.81%,11.70%,*,*,*,55.50%,49.74%,61.13%,56.02%,50.55%,61.35%
Illinois,Region 5b,10.62%,8.23%,13.60%,62.76%,56.69%,68.45%,49.73%,44.75%,54.72%,51.53%,46.90%,56.13%
Indiana,Indiana,9.70%,8.15%,11.52%,59.83%,56.61%,62.97%,53.45%,50.48%,56.40%,54.41%,51.77%,57.03%
Indiana,Central,9.22%,7.16%,11.78%,58.84%,53.51%,63.98%,57.72%,53.31%,62.01%,57.88%,53.83%,61.83%
Indiana,East,9.30%,6.87%,12.47%,*,*,*,44.98%,38.77%,51.35%,47.30%,41.47%,53.21%
Indiana,North Central,10.08%,7.72%,13.04%,*,*,*,51.86%,46.12%,57.56%,52.66%,47.32%,57.95%
Indiana,Northeast,10.93%,8.13%,14.53%,*,*,*,56.22%,50.03%,62.22%,57.19%,51.44%,62.76%
Indiana,Northwest,9.29%,6.93%,12.36%,*,*,*,55.51%,49.21%,61.64%,55.80%,49.95%,61.49%
Indiana,Southeast,9.93%,7.53%,12.99%,*,*,*,49.65%,43.48%,55.83%,50.36%,44.55%,56.17%
Indiana,Southwest,*,*,*,*,*,*,52.73%,46.08%,59.28%,53.73%,47.47%,59.87%
Indiana,West,9.41%,6.95%,12.62%,*,*,*,51.23%,44.94%,57.47%,54.36%,48.68%,59.92%
Iowa,Iowa,10.51%,8.79%,12.52%,66.73%,63.55%,69.76%,61.45%,58.66%,64.18%,62.26%,59.76%,64.69%
Iowa,Central,9.77%,7.38%,12.83%,62.75%,56.58%,68.53%,63.46%,58.34%,68.29%,63.36%,58.61%,67.86%
Iowa,North Central,10.17%,7.61%,13.47%,70.86%,64.43%,76.55%,58.74%,52.70%,64.53%,61.06%,55.54%,66.30%
Iowa,Northeast,10.98%,8.45%,14.17%,68.26%,62.90%,73.18%,63.46%,59.05%,67.66%,64.19%,60.18%,68.01%
Iowa,Northwest,12.10%,9.21%,15.74%,69.75%,63.33%,75.48%,63.04%,57.58%,68.18%,63.97%,58.91%,68.73%
Iowa,Southeast,9.35%,7.14%,12.17%,64.20%,58.39%,69.62%,57.38%,52.47%,62.15%,58.47%,53.99%,62.82%
Iowa,Southwest,11.01%,8.22%,14.59%,*,*,*,61.95%,55.65%,67.86%,62.36%,56.39%,67.98%
Kansas,Kansas,11.04%,9.26%,13.13%,59.59%,56.15%,62.93%,59.50%,56.61%,62.33%,59.52%,56.96%,62.02%
Kansas,Northeast,10.77%,8.56%,13.47%,61.77%,57.21%,66.13%,63.18%,59.38%,66.82%,62.95%,59.60%,66.18%
Kansas,Northwest and North Central,11.71%,8.65%,15.67%,*,*,*,*,*,*,56.62%,50.02%,62.99%
Kansas,South Central,11.41%,8.98%,14.40%,56.22%,50.64%,61.65%,57.72%,53.38%,61.93%,57.50%,53.54%,61.36%
Kansas,Southeast,11.80%,8.77%,15.68%,*,*,*,53.44%,46.72%,60.03%,54.56%,48.26%,60.71%
Kansas,Southwest,9.93%,7.40%,13.21%,*,*,*,*,*,*,50.08%,43.62%,56.54%
Kentucky,Kentucky,8.86%,7.36%,10.63%,52.40%,48.98%,55.80%,44.00%,41.21%,46.83%,45.19%,42.67%,47.74%
Kentucky,"Adanta, Cumberland River, and Lifeskills",7.75%,5.78%,10.32%,*,*,*,31.49%,26.96%,36.39%,33.13%,28.83%,37.73%
Kentucky,"Bluegrass, Comprehend, and North Key",9.35%,7.21%,12.05%,59.96%,54.53%,65.17%,51.18%,46.77%,55.57%,52.49%,48.48%,56.48%
Kentucky,Centerstone,9.53%,7.32%,12.33%,55.96%,49.53%,62.20%,52.99%,48.11%,57.81%,53.39%,48.83%,57.89%
Kentucky,Communicare and River Valley,8.92%,6.69%,11.79%,*,*,*,43.88%,37.73%,50.23%,44.91%,39.06%,50.90%
Kentucky,Four Rivers and Pennyroyal,8.16%,6.00%,11.00%,*,*,*,38.02%,32.18%,44.23%,39.33%,33.79%,45.16%
Kentucky,"Kentucky River, Mountain, and Pathways",8.32%,6.08%,11.27%,*,*,*,31.31%,26.06%,37.09%,33.09%,28.07%,38.53%
Louisiana,Louisiana,10.83%,9.07%,12.90%,56.07%,52.79%,59.30%,54.12%,51.29%,56.92%,54.40%,51.85%,56.93%
Louisiana,Regions 1 and 10,11.09%,8.76%,13.96%,59.44%,53.84%,64.80%,61.44%,56.76%,65.91%,61.16%,56.78%,65.37%
Louisiana,Region 1,10.62%,7.92%,14.09%,*,*,*,63.03%,57.01%,68.67%,62.94%,57.26%,68.28%
Louisiana,Region 10 (Jefferson),11.59%,8.68%,15.31%,*,*,*,59.75%,53.60%,65.61%,59.21%,53.43%,64.74%
Louisiana,Regions 2 and 9,10.96%,8.45%,14.10%,60.77%,55.81%,65.52%,58.32%,53.95%,62.57%,58.70%,54.75%,62.53%
Louisiana,Region 3,12.42%,9.38%,16.26%,*,*,*,52.34%,46.30%,58.32%,52.73%,47.08%,58.30%
Louisiana,"Regions 4, 5, and 6",10.89%,8.56%,13.76%,52.80%,46.48%,59.03%,49.19%,44.33%,54.06%,49.72%,45.22%,54.23%
Louisiana,Regions 7 and 8,9.63%,7.34%,12.54%,51.14%,45.02%,57.23%,48.16%,43.23%,53.13%,48.62%,44.06%,53.19%
Maine,Maine,12.08%,10.21%,14.24%,66.28%,63.02%,69.39%,61.76%,58.90%,64.54%,62.30%,59.70%,64.84%
Maine,Aroostook/Downeast,11.71%,9.25%,14.71%,61.96%,56.16%,67.44%,54.80%,49.69%,59.82%,55.58%,50.78%,60.28%
Maine,Aroostook,12.10%,9.11%,15.89%,*,*,*,53.91%,47.35%,60.33%,54.72%,48.51%,60.79%
Maine,Downeast,*,*,*,*,*,*,*,*,*,56.28%,49.72%,62.62%
Maine,Central,11.93%,9.19%,15.34%,*,*,*,58.22%,52.22%,63.99%,58.98%,53.32%,64.42%
Maine,Cumberland,12.44%,9.66%,15.87%,71.27%,65.47%,76.44%,69.95%,65.15%,74.35%,70.11%,65.64%,74.22%
Maine,Midcoast,12.95%,9.79%,16.95%,*,*,*,62.14%,56.35%,67.60%,62.38%,56.88%,67.59%
Maine,Penquis,12.26%,9.30%,15.99%,66.22%,59.67%,72.21%,58.29%,52.20%,64.13%,59.44%,53.86%,64.79%
Maine,Western,11.10%,8.52%,14.34%,60.96%,54.17%,67.35%,56.29%,50.78%,61.64%,56.87%,51.70%,61.90%
Maine,York,12.17%,9.25%,15.84%,70.04%,64.12%,75.37%,66.66%,61.20%,71.70%,67.04%,61.94%,71.77%
Maryland,Maryland,10.65%,8.86%,12.74%,61.11%,57.75%,64.37%,61.29%,58.44%,64.06%,61.26%,58.71%,63.76%
Maryland,Anne Arundel,11.97%,8.95%,15.83%,*,*,*,66.43%,60.58%,71.82%,66.25%,60.72%,71.38%
Maryland,Baltimore City,8.74%,6.44%,11.76%,60.07%,53.28%,66.50%,56.31%,50.72%,61.75%,56.90%,51.72%,61.94%
Maryland,Baltimore County,11.41%,8.61%,14.96%,*,*,*,66.15%,60.51%,71.37%,65.98%,60.71%,70.88%
Maryland,Montgomery,10.20%,7.77%,13.27%,*,*,*,62.20%,57.14%,67.01%,62.03%,57.23%,66.60%
Maryland,North Central,11.51%,8.59%,15.26%,*,*,*,63.93%,57.70%,69.72%,63.98%,58.07%,69.49%
Maryland,Northeast,11.85%,8.79%,15.79%,*,*,*,59.98%,53.85%,65.82%,60.01%,54.16%,65.58%
Maryland,Prince George's,9.58%,7.11%,12.80%,59.99%,53.41%,66.23%,59.67%,53.91%,65.17%,59.72%,54.45%,64.77%
Maryland,South,9.93%,7.38%,13.23%,*,*,*,57.31%,51.20%,63.20%,57.15%,51.39%,62.71%
Maryland,West,11.38%,8.59%,14.93%,*,*,*,57.61%,51.56%,63.45%,57.81%,52.08%,63.33%
Massachusetts,Massachusetts,11.93%,10.00%,14.17%,69.85%,66.61%,72.91%,62.18%,59.31%,64.97%,63.32%,60.75%,65.81%
Massachusetts,Boston,9.16%,6.77%,12.30%,70.72%,64.43%,76.32%,58.97%,53.03%,64.65%,61.42%,56.07%,66.51%
Massachusetts,Central,11.37%,8.63%,14.84%,*,*,*,57.29%,51.47%,62.92%,58.68%,53.27%,63.89%
Massachusetts,Metrowest,11.69%,9.03%,15.00%,74.45%,68.56%,79.56%,69.35%,64.89%,73.47%,70.04%,65.88%,73.89%
Massachusetts,Northeast,12.41%,9.68%,15.77%,68.01%,62.03%,73.44%,61.57%,56.78%,66.14%,62.42%,57.96%,66.68%
Massachusetts,Southeast,13.31%,10.16%,17.24%,68.85%,62.58%,74.51%,61.78%,56.37%,66.91%,62.69%,57.67%,67.45%
Massachusetts,Western,12.12%,9.19%,15.82%,67.93%,61.69%,73.59%,58.30%,52.43%,63.94%,59.92%,54.57%,65.05%
Michigan,Michigan,10.58%,9.34%,11.97%,60.38%,58.16%,62.55%,57.93%,56.05%,59.79%,58.29%,56.63%,59.93%
Michigan,Region 1,12.40%,9.46%,16.08%,*,*,*,58.97%,53.00%,64.68%,60.08%,54.48%,65.44%
Michigan,Region 2,11.83%,9.03%,15.35%,*,*,*,57.72%,51.77%,63.47%,57.98%,52.28%,63.48%
Michigan,Region 3,10.57%,8.50%,13.07%,64.40%,59.51%,69.01%,61.92%,57.97%,65.72%,62.30%,58.73%,65.74%
Michigan,Region 4,10.65%,8.33%,13.52%,58.43%,53.19%,63.48%,55.62%,51.15%,60.00%,56.04%,51.99%,60.02%
Michigan,Region 5,10.92%,8.81%,13.46%,60.55%,56.11%,64.81%,54.00%,50.15%,57.80%,55.11%,51.71%,58.46%
Michigan,Region 6,10.15%,7.93%,12.91%,63.65%,57.80%,69.12%,61.23%,56.42%,65.83%,61.63%,57.23%,65.86%
Michigan,Region 7,9.35%,7.54%,11.53%,54.09%,49.46%,58.66%,53.43%,49.48%,57.35%,53.53%,49.96%,57.06%
Michigan,Region 8,10.94%,8.78%,13.55%,61.67%,56.09%,66.95%,63.79%,59.45%,67.92%,63.53%,59.47%,67.40%
Michigan,Region 9,11.05%,8.56%,14.14%,63.25%,57.67%,68.49%,60.45%,55.73%,64.99%,60.81%,56.42%,65.03%
Michigan,Region 10,10.75%,8.34%,13.74%,58.69%,52.50%,64.61%,56.17%,51.13%,61.10%,56.51%,51.83%,61.08%
Minnesota,Minnesota,10.68%,8.95%,12.70%,66.64%,63.44%,69.69%,63.92%,61.14%,66.62%,64.30%,61.81%,66.71%
Minnesota,Regions 1 and 2,10.72%,8.38%,13.61%,65.50%,59.49%,71.04%,58.01%,52.61%,63.21%,59.00%,53.97%,63.85%
Minnesota,Region 1,*,*,*,*,*,*,*,*,*,58.76%,52.11%,65.11%
Minnesota,Region 2,10.67%,7.86%,14.32%,*,*,*,*,*,*,59.14%,52.63%,65.35%
Minnesota,Regions 3 and 4,11.41%,8.98%,14.38%,65.05%,59.51%,70.22%,61.17%,56.55%,65.60%,61.72%,57.47%,65.81%
Minnesota,Region 3,11.60%,8.52%,15.60%,*,*,*,*,*,*,*,*,*
Minnesota,Region 4,11.32%,8.61%,14.74%,63.95%,57.17%,70.21%,61.94%,56.47%,67.12%,62.23%,57.20%,67.01%
Minnesota,Regions 5 and 6,10.64%,8.29%,13.55%,68.88%,63.99%,73.39%,59.46%,54.58%,64.16%,60.84%,56.40%,65.10%
Minnesota,Region 5,10.30%,7.60%,13.81%,67.89%,61.46%,73.70%,57.67%,51.31%,63.79%,59.16%,53.34%,64.74%
Minnesota,Region 6,10.97%,8.20%,14.52%,*,*,*,61.30%,55.01%,67.24%,62.56%,56.73%,68.04%
Minnesota,Region 7,10.46%,8.58%,12.69%,66.54%,62.61%,70.26%,67.37%,64.17%,70.41%,67.26%,64.35%,70.04%
Minnesota,Region 7A (Hennepin),10.67%,8.23%,13.73%,70.72%,65.19%,75.70%,70.87%,66.49%,74.89%,70.85%,66.79%,74.60%
Minnesota,Region 7B (Ramsey),8.35%,6.17%,11.20%,63.15%,56.38%,69.44%,60.44%,54.75%,65.87%,60.87%,55.59%,65.91%
Minnesota,Region 7C,11.04%,8.54%,14.16%,64.05%,57.82%,69.83%,66.78%,62.06%,71.20%,66.43%,62.05%,70.55%
Mississippi,Mississippi,8.37%,6.88%,10.15%,46.46%,43.05%,49.91%,40.76%,38.00%,43.59%,41.63%,39.16%,44.14%
Mississippi,Region 1,8.38%,6.45%,10.81%,45.18%,39.23%,51.27%,38.49%,34.05%,43.13%,39.50%,35.38%,43.78%
Mississippi,Region 2,7.53%,5.47%,10.29%,40.84%,34.45%,47.56%,39.00%,33.56%,44.73%,39.29%,34.24%,44.58%
Mississippi,Region 3,8.43%,6.25%,11.29%,48.48%,41.78%,55.24%,38.81%,33.62%,44.27%,40.47%,35.64%,45.49%
Mississippi,Region 4,7.80%,5.80%,10.43%,47.33%,41.12%,53.62%,45.35%,40.31%,50.49%,45.65%,41.04%,50.33%
Mississippi,Region 5,8.48%,6.12%,11.64%,*,*,*,36.90%,30.64%,43.64%,37.65%,31.61%,44.09%
Mississippi,Region 6,9.39%,6.97%,12.53%,*,*,*,42.00%,36.63%,47.56%,43.24%,38.24%,48.38%
Mississippi,Region 7,8.95%,6.67%,11.92%,*,*,*,42.32%,36.93%,47.89%,43.24%,38.21%,48.42%
Missouri,Missouri,9.91%,8.24%,11.87%,58.93%,55.62%,62.16%,54.75%,51.93%,57.54%,55.35%,52.82%,57.85%
Missouri,Central,9.87%,7.48%,12.93%,59.92%,53.47%,66.04%,50.38%,44.61%,56.14%,52.05%,46.80%,57.26%
Missouri,Eastern,10.17%,8.10%,12.69%,61.96%,57.08%,66.61%,60.46%,56.67%,64.13%,60.67%,57.20%,64.03%
Missouri,Eastern (St. Louis City and County),9.28%,7.05%,12.13%,60.75%,54.59%,66.60%,60.43%,55.61%,65.05%,60.47%,56.03%,64.75%
Missouri,Eastern (excluding St. Louis),11.45%,8.66%,15.00%,*,*,*,60.53%,55.10%,65.71%,61.00%,55.95%,65.83%
Missouri,Northwest,9.67%,7.64%,12.17%,60.26%,55.01%,65.29%,56.89%,52.66%,61.02%,57.36%,53.40%,61.22%
Missouri,Northwest (Jackson),9.12%,6.82%,12.10%,61.36%,54.54%,67.77%,58.28%,52.81%,63.55%,58.69%,53.55%,63.65%
Missouri,Northwest (excluding Jackson),10.11%,7.59%,13.35%,*,*,*,55.70%,50.00%,61.26%,56.23%,50.84%,61.48%
Missouri,Southeast,9.96%,7.46%,13.17%,51.57%,44.75%,58.32%,44.16%,38.46%,50.02%,45.16%,39.80%,50.64%
Missouri,Southwest,9.69%,7.27%,12.80%,54.70%,48.10%,61.14%,50.39%,44.81%,55.95%,50.99%,45.84%,56.12%
Montana,Montana,10.96%,9.15%,13.08%,62.31%,59.03%,65.49%,61.37%,58.45%,64.21%,61.50%,58.91%,64.03%
Montana,Region 1,11.05%,8.22%,14.70%,*,*,*,*,*,*,56.22%,49.44%,62.77%
Montana,Region 2,10.23%,7.73%,13.42%,57.19%,50.40%,63.72%,57.86%,52.34%,63.20%,57.76%,52.60%,62.76%
Montana,Region 3,10.41%,7.98%,13.48%,56.98%,50.78%,62.96%,58.95%,54.09%,63.63%,58.69%,54.23%,63.01%
Montana,Region 4,11.12%,8.50%,14.42%,66.81%,61.63%,71.61%,65.45%,60.71%,69.91%,65.66%,61.35%,69.72%
Montana,Region 5,11.59%,9.12%,14.62%,64.20%,58.82%,69.24%,62.59%,58.08%,66.89%,62.82%,58.72%,66.74%
Nebraska,Nebraska,9.74%,8.07%,11.70%,63.67%,60.25%,66.96%,63.82%,60.99%,66.55%,63.80%,61.29%,66.23%
Nebraska,Regions 1 and 2,10.13%,7.80%,13.06%,60.08%,53.43%,66.37%,58.84%,53.19%,64.26%,59.01%,53.66%,64.15%
Nebraska,Region 1,*,*,*,*,*,*,*,*,*,*,*,*
Nebraska,Region 2,*,*,*,*,*,*,*,*,*,*,*,*
Nebraska,Region 3,9.85%,7.45%,12.91%,*,*,*,60.06%,54.17%,65.67%,60.59%,55.11%,65.82%
Nebraska,Region 4,9.74%,7.25%,12.97%,*,*,*,57.41%,51.06%,63.53%,57.77%,51.87%,63.46%
Nebraska,Region 5,10.23%,7.85%,13.23%,66.56%,60.74%,71.92%,65.20%,60.27%,69.82%,65.43%,60.92%,69.67%
Nebraska,Region 6,9.36%,7.29%,11.94%,63.45%,58.64%,68.01%,67.06%,63.32%,70.60%,66.52%,63.14%,69.74%
Nevada,Nevada,12.86%,10.68%,15.42%,54.12%,50.49%,57.71%,56.62%,53.53%,59.65%,56.29%,53.52%,59.02%
Nevada,Clark – Region 1,12.32%,9.95%,15.14%,51.85%,47.54%,56.13%,55.59%,52.06%,59.07%,55.09%,51.90%,58.24%
Nevada,Region 3,14.07%,10.95%,17.90%,*,*,*,55.77%,50.00%,61.39%,55.89%,50.41%,61.23%
Nevada,Capital District,*,*,*,*,*,*,*,*,*,*,*,*
Nevada,Rural/Frontier,*,*,*,*,*,*,*,*,*,*,*,*
Nevada,Washoe – Region 2,14.56%,11.18%,18.75%,62.64%,56.20%,68.65%,62.03%,56.87%,66.94%,62.12%,57.33%,66.67%
New Hampshire,New Hampshire,12.19%,10.33%,14.33%,69.70%,66.42%,72.79%,68.88%,66.07%,71.56%,68.99%,66.48%,71.40%
New Hampshire,Central,11.50%,9.28%,14.18%,69.56%,65.13%,73.66%,65.42%,61.37%,69.26%,66.02%,62.33%,69.52%
New Hampshire,Central 1,11.36%,8.64%,14.78%,69.46%,63.28%,75.02%,63.14%,57.37%,68.55%,64.15%,58.90%,69.09%
New Hampshire,Central 2,11.64%,8.93%,15.02%,69.69%,63.94%,74.88%,67.59%,62.67%,72.15%,67.86%,63.29%,72.11%
New Hampshire,Northern,12.73%,9.69%,16.56%,71.70%,65.33%,77.31%,68.85%,63.16%,74.03%,69.25%,63.98%,74.07%
New Hampshire,Southern,12.39%,10.26%,14.90%,69.29%,64.89%,73.36%,70.55%,67.25%,73.65%,70.39%,67.36%,73.25%
New Hampshire,Southern 1 (Rockingham),11.78%,9.17%,15.01%,69.00%,62.42%,74.89%,71.35%,66.66%,75.63%,71.07%,66.63%,75.14%
New Hampshire,Southern 2,12.79%,10.22%,15.90%,69.44%,64.07%,74.33%,70.04%,66.02%,73.78%,69.96%,66.28%,73.40%
New Jersey,New Jersey,12.18%,10.51%,14.08%,61.74%,58.77%,64.63%,59.72%,57.29%,62.11%,59.99%,57.80%,62.14%
New Jersey,Central,12.10%,9.63%,15.10%,64.07%,58.72%,69.09%,62.34%,58.06%,66.44%,62.56%,58.59%,66.36%
New Jersey,Metropolitan,10.42%,8.13%,13.27%,54.27%,48.95%,59.50%,52.96%,48.46%,57.41%,53.14%,49.04%,57.20%
New Jersey,Northern,12.97%,10.60%,15.78%,63.86%,59.16%,68.30%,60.33%,56.71%,63.84%,60.77%,57.44%,64.00%
New Jersey,Southern,13.16%,10.56%,16.30%,65.32%,59.93%,70.34%,63.66%,59.31%,67.80%,63.88%,59.90%,67.68%
New Mexico,New Mexico,9.90%,8.23%,11.87%,55.84%,52.34%,59.29%,51.91%,48.97%,54.84%,52.48%,49.85%,55.10%
New Mexico,Region 1,9.32%,7.11%,12.14%,51.95%,45.68%,58.16%,46.43%,41.19%,51.74%,47.23%,42.36%,52.15%
New Mexico,Region 2,10.09%,7.57%,13.34%,*,*,*,52.87%,47.01%,58.66%,53.19%,47.62%,58.68%
New Mexico,Region 3 (Bernalillo),10.35%,8.07%,13.18%,62.23%,57.03%,67.16%,58.56%,54.23%,62.76%,59.08%,55.15%,62.89%
New Mexico,Region 4,9.64%,7.20%,12.80%,*,*,*,46.93%,41.27%,52.68%,47.66%,42.38%,52.98%
New Mexico,Region 5,9.96%,7.83%,12.60%,53.11%,47.67%,58.48%,48.84%,44.19%,53.51%,49.52%,45.23%,53.83%
New Mexico,Region 5a,9.18%,6.74%,12.40%,*,*,*,44.95%,38.97%,51.09%,45.23%,39.58%,51.02%
New Mexico,Region 5b (Dona Ana),10.59%,7.94%,13.98%,*,*,*,52.64%,46.60%,58.60%,53.46%,47.91%,58.93%
New York,New York,11.96%,10.73%,13.30%,61.31%,59.18%,63.40%,58.35%,56.73%,59.95%,58.78%,57.32%,60.21%
New York,Region 1: Long Island,13.96%,11.57%,16.76%,65.98%,61.32%,70.36%,69.11%,65.61%,72.41%,68.69%,65.46%,71.74%
New York,Region 2: New York City,10.48%,9.08%,12.08%,57.83%,54.97%,60.64%,53.52%,51.26%,55.76%,54.12%,52.06%,56.16%
New York,Region 2A: Bronx,8.58%,6.66%,10.98%,47.31%,41.75%,52.93%,42.89%,38.22%,47.69%,43.64%,39.37%,47.99%
New York,Region 2B: Kings,11.53%,9.24%,14.28%,57.19%,52.27%,61.97%,53.47%,49.47%,57.42%,54.00%,50.37%,57.60%
New York,Region 2C: New York,13.16%,10.12%,16.95%,76.72%,72.23%,80.69%,68.12%,63.91%,72.06%,69.22%,65.35%,72.84%
New York,Region 2D: Queens,9.22%,7.23%,11.68%,52.55%,47.07%,57.98%,48.00%,43.73%,52.30%,48.58%,44.60%,52.58%
New York,Region 2E: Richmond,10.80%,8.29%,13.96%,*,*,*,55.16%,49.08%,61.09%,55.30%,49.56%,60.90%
New York,Region 3: Mid-Hudson,11.06%,8.98%,13.56%,58.53%,53.01%,63.84%,57.97%,53.96%,61.87%,58.05%,54.34%,61.66%
New York,Region 4: Capital Region,13.67%,10.83%,17.10%,70.00%,64.47%,75.00%,66.11%,61.27%,70.63%,66.68%,62.21%,70.87%
New York,Region 5: Mohawk Valley,*,*,*,*,*,*,52.12%,45.53%,58.63%,53.53%,47.24%,59.71%
New York,Region 6: North Country,*,*,*,*,*,*,54.06%,47.62%,60.38%,54.91%,48.76%,60.92%
New York,Region 7: Tug Hill Seaway,12.04%,9.26%,15.51%,*,*,*,53.56%,47.30%,59.71%,55.19%,49.28%,60.95%
New York,Region 8: Central,12.71%,10.20%,15.73%,63.26%,57.65%,68.53%,58.94%,54.45%,63.29%,59.64%,55.51%,63.64%
New York,Region 9: Southern Tier,13.05%,10.14%,16.63%,68.53%,62.02%,74.37%,58.84%,53.31%,64.15%,60.67%,55.59%,65.52%
New York,Region 10: Finger Lakes,13.20%,10.61%,16.31%,65.17%,59.61%,70.34%,61.88%,57.40%,66.16%,62.37%,58.25%,66.32%
New York,Region 11: Western,13.46%,10.98%,16.39%,62.81%,57.58%,67.76%,60.35%,56.42%,64.15%,60.71%,57.10%,64.22%
North Carolina,North Carolina,8.04%,6.76%,9.55%,54.17%,51.47%,56.85%,48.18%,45.86%,50.51%,49.02%,46.95%,51.09%
North Carolina,Alliance Behavioral Healthcare 1,7.05%,5.31%,9.31%,54.04%,47.28%,60.66%,48.88%,43.72%,54.07%,49.68%,44.85%,54.52%
North Carolina,Alliance Behavioral Healthcare 2,7.76%,5.83%,10.27%,*,*,*,58.75%,53.21%,64.08%,58.52%,53.36%,63.49%
North Carolina,Cardinal Innovations Healthcare Solutions 1,8.83%,6.64%,11.66%,*,*,*,49.12%,43.53%,54.72%,49.71%,44.40%,55.03%
North Carolina,Cardinal Innovations Healthcare Solutions 2,8.15%,6.05%,10.91%,*,*,*,45.85%,40.28%,51.53%,46.96%,41.71%,52.27%
North Carolina,Cardinal Innovations Healthcare Solutions 3,7.46%,5.57%,9.92%,58.41%,52.35%,64.22%,56.66%,51.48%,61.71%,56.90%,52.07%,61.60%
North Carolina,CenterPoint Human Services,8.76%,6.56%,11.61%,*,*,*,47.30%,41.59%,53.08%,48.54%,43.14%,53.97%
North Carolina,Eastpointe,6.91%,5.20%,9.14%,42.50%,36.20%,49.05%,35.90%,31.08%,41.04%,36.82%,32.25%,41.63%
North Carolina,Partners Behavioral Health Management,8.41%,6.38%,11.01%,*,*,*,44.21%,38.61%,49.96%,45.02%,39.70%,50.47%
North Carolina,Sandhills Center 1,*,*,*,*,*,*,41.07%,35.36%,47.03%,42.04%,36.57%,47.72%
North Carolina,Sandhills Center 2,7.45%,5.53%,9.98%,*,*,*,50.04%,44.20%,55.89%,50.91%,45.34%,56.44%
North Carolina,Smoky Mountain Center 1,8.13%,5.93%,11.05%,*,*,*,37.96%,32.34%,43.92%,39.62%,34.27%,45.23%
North Carolina,Smoky Mountain Center 2,*,*,*,*,*,*,49.69%,43.44%,55.95%,50.26%,44.31%,56.21%
North Carolina,Trillium Healthcare Resources 1,8.30%,6.19%,11.03%,56.35%,49.88%,62.62%,47.63%,42.02%,53.31%,49.01%,43.80%,54.25%
North Carolina,Trillium Healthcare Resources 2,*,*,*,*,*,*,55.08%,48.37%,61.61%,56.65%,50.41%,62.69%
North Dakota,North Dakota,12.28%,10.40%,14.44%,68.79%,65.74%,71.70%,62.64%,59.95%,65.25%,63.75%,61.41%,66.02%
North Dakota,Badlands and West Central,13.47%,10.90%,16.53%,69.21%,64.01%,73.96%,65.46%,61.51%,69.22%,66.01%,62.37%,69.48%
North Dakota,Badlands,*,*,*,*,*,*,*,*,*,62.13%,55.65%,68.20%
North Dakota,West Central,13.52%,10.70%,16.93%,69.69%,63.55%,75.20%,66.73%,62.31%,70.87%,67.16%,63.07%,71.01%
North Dakota,Lake Region,10.72%,7.99%,14.24%,*,*,*,52.81%,46.10%,59.41%,52.82%,46.46%,59.09%
North Dakota,North Central,12.62%,9.71%,16.26%,*,*,*,61.10%,55.36%,66.56%,62.09%,56.75%,67.15%
North Dakota,Northeast,13.24%,10.22%,16.97%,74.17%,68.92%,78.82%,65.07%,59.86%,69.95%,67.33%,62.84%,71.53%
North Dakota,Northwest,*,*,*,*,*,*,*,*,*,*,*,*
North Dakota,South Central,13.37%,9.89%,17.84%,*,*,*,61.28%,54.85%,67.34%,62.17%,56.05%,67.93%
North Dakota,Southeast,10.61%,8.17%,13.68%,69.84%,65.17%,74.13%,62.78%,58.25%,67.09%,64.24%,60.30%,67.99%
Ohio,Ohio,9.73%,8.55%,11.05%,61.30%,59.06%,63.50%,55.94%,54.09%,57.78%,56.69%,55.04%,58.32%
Ohio,"Boards 2, 46, 55, and 68",11.28%,8.69%,14.53%,*,*,*,56.21%,50.24%,62.01%,57.24%,51.61%,62.68%
Ohio,"Boards 3, 52, and 85",9.53%,7.25%,12.43%,*,*,*,56.65%,50.76%,62.35%,57.17%,51.53%,62.63%
Ohio,Boards 4 and 78,9.68%,7.33%,12.69%,*,*,*,46.98%,40.94%,53.10%,48.08%,42.31%,53.90%
Ohio,Boards 5 and 60,10.26%,7.90%,13.22%,*,*,*,47.63%,41.38%,53.96%,50.16%,44.31%,56.00%
Ohio,"Boards 7, 15, 41, 79, and 84",9.55%,7.25%,12.49%,*,*,*,47.39%,41.48%,53.37%,48.40%,42.75%,54.10%
Ohio,"Boards 8, 13, and 83",9.95%,7.59%,12.95%,*,*,*,58.43%,52.58%,64.06%,58.69%,53.07%,64.10%
Ohio,Board 9 (Butler),9.02%,6.85%,11.79%,*,*,*,55.91%,49.96%,61.70%,56.37%,50.75%,61.84%
Ohio,Board 12,8.98%,6.74%,11.86%,*,*,*,55.72%,49.50%,61.78%,56.42%,50.58%,62.09%
Ohio,Boards 18 and 47,9.57%,7.55%,12.06%,63.67%,58.64%,68.42%,59.84%,55.72%,63.82%,60.35%,56.58%,64.00%
Ohio,"Boards 20, 32, 54, and 69",9.95%,7.61%,12.92%,*,*,*,52.61%,46.96%,58.18%,53.25%,47.92%,58.52%
Ohio,"Boards 21, 39, 51, 70, and 80",8.77%,6.72%,11.38%,*,*,*,50.60%,44.88%,56.31%,50.91%,45.51%,56.29%
Ohio,"Boards 22, 74, and 87",10.86%,8.39%,13.94%,64.55%,58.11%,70.51%,56.37%,50.42%,62.14%,57.59%,52.07%,62.93%
Ohio,Boards 23 and 45,9.56%,7.27%,12.46%,*,*,*,55.61%,50.02%,61.06%,55.96%,50.72%,61.07%
Ohio,Board 25 (Franklin),8.56%,6.67%,10.92%,63.45%,58.59%,68.05%,58.69%,54.40%,62.86%,59.42%,55.50%,63.22%
Ohio,"Boards 27, 71, and 73",9.10%,6.94%,11.86%,*,*,*,45.43%,39.76%,51.22%,46.18%,40.81%,51.64%
Ohio,"Boards 28, 43, and 67",10.95%,8.48%,14.03%,67.31%,61.01%,73.04%,62.66%,57.51%,67.54%,63.32%,58.51%,67.88%
Ohio,Board 31 (Hamilton),10.38%,8.05%,13.29%,63.84%,57.99%,69.31%,62.58%,57.80%,67.12%,62.76%,58.34%,66.97%
Ohio,Board 48 (Lucas),9.29%,7.04%,12.18%,*,*,*,52.51%,46.53%,58.43%,53.51%,47.91%,59.02%
Ohio,Boards 50 and 76,10.07%,7.84%,12.84%,62.42%,56.10%,68.35%,53.33%,48.28%,58.31%,54.50%,49.77%,59.15%
Ohio,Board 57 (Montgomery),10.32%,7.82%,13.50%,*,*,*,56.97%,51.33%,62.44%,57.82%,52.48%,62.99%
Ohio,Board 77 (Summit),10.12%,7.76%,13.10%,64.79%,58.08%,70.97%,59.66%,54.21%,64.89%,60.34%,55.23%,65.23%
Oklahoma,Oklahoma,10.39%,8.68%,12.40%,54.47%,51.03%,57.87%,46.64%,43.84%,49.46%,47.81%,45.34%,50.30%
Oklahoma,Central,11.47%,8.74%,14.93%,59.14%,52.70%,65.28%,53.31%,47.67%,58.87%,54.25%,49.08%,59.32%
Oklahoma,East Central,9.64%,7.21%,12.78%,*,*,*,39.29%,33.72%,45.16%,40.38%,35.10%,45.90%
Oklahoma,Northeast,11.37%,8.58%,14.92%,*,*,*,45.86%,40.28%,51.55%,47.43%,42.26%,52.65%
Oklahoma,Northwest and Southwest,10.77%,8.14%,14.12%,54.86%,48.03%,61.52%,46.68%,41.37%,52.07%,47.95%,43.01%,52.94%
Oklahoma,Oklahoma County,9.73%,7.33%,12.80%,56.83%,50.33%,63.11%,50.89%,45.59%,56.17%,51.74%,46.81%,56.65%
Oklahoma,Southeast,10.30%,7.73%,13.61%,*,*,*,38.47%,33.27%,43.95%,40.14%,35.23%,45.26%
Oklahoma,Tulsa County,9.90%,7.52%,12.95%,55.06%,48.45%,61.50%,49.04%,43.75%,54.35%,49.90%,44.98%,54.82%
Oregon,Oregon,10.96%,9.26%,12.92%,63.92%,60.73%,67.00%,62.39%,59.56%,65.15%,62.60%,60.05%,65.08%
Oregon,Region 1 (Multnomah),10.05%,7.72%,13.00%,66.56%,60.51%,72.12%,66.81%,62.11%,71.20%,66.78%,62.37%,70.92%
Oregon,Region 2,10.84%,8.54%,13.68%,66.14%,60.49%,71.36%,67.76%,63.28%,71.93%,67.55%,63.39%,71.45%
Oregon,Region 3,10.58%,8.28%,13.42%,62.76%,57.69%,67.55%,57.12%,52.53%,61.59%,57.98%,53.84%,62.00%
Oregon,Region 4,12.57%,9.58%,16.33%,61.69%,54.92%,68.03%,60.08%,54.40%,65.49%,60.26%,54.95%,65.34%
Oregon,Region 5 (Central),*,*,*,*,*,*,*,*,*,*,*,*
Oregon,Region 6 (Eastern),12.15%,9.11%,16.02%,*,*,*,58.63%,51.94%,65.02%,59.02%,52.67%,65.09%
Pennsylvania,Pennsylvania,11.00%,9.74%,12.40%,63.14%,60.93%,65.30%,59.95%,58.14%,61.73%,60.38%,58.77%,61.98%
Pennsylvania,Region 1 (Allegheny),10.56%,8.22%,13.47%,62.47%,56.48%,68.11%,63.97%,59.54%,68.18%,63.79%,59.66%,67.72%
Pennsylvania,"Regions 3, 8, 9, and 51",12.44%,9.73%,15.77%,66.40%,60.61%,71.74%,60.00%,54.80%,64.98%,60.87%,56.06%,65.47%
Pennsylvania,"Regions 4, 11, 37, and 49",11.66%,9.20%,14.67%,63.16%,56.58%,69.28%,61.82%,56.96%,66.45%,62.00%,57.44%,66.36%
Pennsylvania,"Regions 5, 18, 23, 24, and 46",9.72%,7.43%,12.64%,55.35%,49.02%,61.52%,50.41%,45.13%,55.67%,51.04%,46.11%,55.95%
Pennsylvania,"Regions 6, 12, 16, 31, 35, 45, and 47",11.86%,9.21%,15.14%,68.56%,62.87%,73.75%,57.85%,52.29%,63.21%,59.81%,54.82%,64.60%
Pennsylvania,"Regions 7, 13, 20, and 33",11.29%,9.24%,13.73%,67.01%,62.49%,71.24%,67.37%,63.81%,70.73%,67.32%,64.05%,70.43%
Pennsylvania,"Regions 10, 15, 27, 32, 43, and 44",10.51%,7.98%,13.73%,*,*,*,49.38%,43.56%,55.21%,49.98%,44.49%,55.48%
Pennsylvania,Regions 17 and 21,11.82%,8.95%,15.45%,*,*,*,59.04%,53.01%,64.80%,59.88%,54.24%,65.27%
Pennsylvania,"Regions 19, 26, 28, and 42",10.42%,8.28%,13.04%,60.05%,54.68%,65.19%,56.59%,52.24%,60.84%,57.04%,52.99%,60.99%
Pennsylvania,"Regions 22, 38, 40, 41, and 48",12.33%,9.68%,15.57%,63.52%,57.02%,69.55%,59.14%,53.87%,64.21%,59.63%,54.65%,64.42%
Pennsylvania,Regions 29 and 34,11.46%,8.92%,14.62%,*,*,*,60.31%,54.64%,65.73%,60.23%,54.86%,65.37%
Pennsylvania,Regions 30 and 50,11.06%,8.65%,14.04%,61.88%,55.34%,68.02%,55.21%,49.97%,60.33%,56.04%,51.11%,60.86%
Pennsylvania,Region 36 (Philadelphia),9.58%,7.50%,12.16%,63.03%,58.27%,67.56%,58.20%,53.61%,62.65%,59.03%,54.93%,63.00%
Rhode Island,Rhode Island,11.91%,10.02%,14.09%,67.00%,63.57%,70.26%,64.20%,61.18%,67.12%,64.64%,61.95%,67.24%
Rhode Island,Region 1: Southern Providence County,12.48%,9.56%,16.13%,70.27%,63.89%,75.94%,64.87%,59.65%,69.75%,65.58%,60.73%,70.12%
Rhode Island,Region 2: Northern Providence County/Blackstone Valley,12.44%,9.62%,15.94%,63.43%,56.88%,69.52%,61.29%,55.79%,66.51%,61.56%,56.43%,66.45%
Rhode Island,Region 3: Providence,8.84%,6.60%,11.73%,62.68%,56.35%,68.59%,54.89%,49.08%,60.58%,56.95%,51.86%,61.90%
Rhode Island,Region 4: Kent County,12.85%,9.84%,16.61%,68.42%,61.76%,74.40%,66.45%,61.09%,71.43%,66.68%,61.65%,71.35%
Rhode Island,Region 5: East Bay,13.08%,9.88%,17.13%,*,*,*,66.33%,60.30%,71.88%,66.88%,61.24%,72.07%
Rhode Island,Region 6: Newport County,11.49%,8.55%,15.28%,*,*,*,69.48%,63.12%,75.17%,69.75%,63.77%,75.13%
Rhode Island,Region 7: South County,12.86%,9.75%,16.77%,*,*,*,71.25%,65.82%,76.13%,71.24%,66.18%,75.83%
South Carolina,South Carolina,8.77%,7.25%,10.58%,57.62%,54.17%,61.00%,48.02%,45.25%,50.81%,49.36%,46.87%,51.86%
South Carolina,Region 1,8.95%,6.88%,11.57%,53.95%,48.62%,59.19%,43.46%,38.89%,48.14%,44.93%,40.76%,49.16%
South Carolina,Region 2,8.52%,6.55%,11.01%,58.98%,53.37%,64.36%,50.62%,46.07%,55.17%,51.86%,47.69%,56.01%
South Carolina,Region 3,8.60%,6.48%,11.34%,52.12%,45.43%,58.73%,44.55%,39.69%,49.52%,45.52%,40.93%,50.19%
South Carolina,Region 4,8.90%,6.78%,11.61%,63.93%,58.10%,69.38%,53.25%,49.18%,57.28%,54.73%,50.98%,58.43%
South Dakota,South Dakota,11.01%,9.27%,13.02%,66.52%,63.43%,69.47%,62.54%,59.80%,65.21%,63.13%,60.70%,65.50%
South Dakota,Region 1,10.68%,8.33%,13.61%,65.05%,59.36%,70.34%,62.06%,57.71%,66.22%,62.48%,58.50%,66.30%
South Dakota,Region 2,10.34%,7.73%,13.70%,*,*,*,59.15%,52.80%,65.21%,58.85%,52.85%,64.60%
South Dakota,Region 3,11.98%,9.39%,15.16%,71.12%,66.04%,75.72%,63.38%,58.81%,67.72%,64.68%,60.57%,68.58%
South Dakota,Region 4,11.74%,8.98%,15.21%,68.49%,62.25%,74.13%,62.29%,56.48%,67.76%,63.28%,57.97%,68.29%
South Dakota,Region 5,10.45%,8.12%,13.35%,65.00%,59.74%,69.92%,63.50%,59.03%,67.74%,63.70%,59.62%,67.59%
Tennessee,Tennessee,8.51%,7.02%,10.29%,51.81%,48.43%,55.18%,46.16%,43.36%,48.99%,46.96%,44.44%,49.48%
Tennessee,Region 1,8.50%,6.33%,11.32%,*,*,*,37.53%,31.72%,43.73%,38.73%,33.20%,44.56%
Tennessee,Region 2,8.74%,6.51%,11.63%,51.12%,44.49%,57.71%,44.40%,39.39%,49.53%,45.28%,40.56%,50.08%
Tennessee,Region 3,8.34%,6.26%,11.03%,49.11%,42.50%,55.74%,40.25%,35.26%,45.44%,41.44%,36.79%,46.25%
Tennessee,Region 4 (Davidson),7.81%,5.71%,10.60%,*,*,*,53.96%,47.74%,60.07%,54.64%,48.76%,60.40%
Tennessee,Region 5,9.45%,7.25%,12.22%,53.42%,47.26%,59.48%,50.60%,45.80%,55.38%,50.99%,46.61%,55.37%
Tennessee,Region 6,8.75%,6.42%,11.82%,*,*,*,41.74%,35.69%,48.05%,43.22%,37.51%,49.12%
Tennessee,Region 7 (Shelby),7.03%,5.22%,9.39%,49.96%,43.34%,56.57%,50.11%,44.76%,55.46%,50.09%,45.14%,55.04%
Texas,Texas,9.64%,8.59%,10.81%,53.74%,51.79%,55.68%,51.85%,50.32%,53.37%,52.14%,50.78%,53.49%
Texas,Region 1,10.58%,8.11%,13.70%,*,*,*,53.54%,48.25%,58.76%,54.23%,49.23%,59.14%
Texas,Region 2,9.81%,7.44%,12.82%,*,*,*,48.78%,43.24%,54.35%,49.91%,44.64%,55.18%
Texas,Region 3,8.91%,7.51%,10.54%,52.81%,49.53%,56.06%,52.18%,49.73%,54.61%,52.27%,50.06%,54.46%
Texas,Region 3a,8.49%,6.80%,10.55%,52.94%,48.76%,57.09%,51.50%,48.38%,54.60%,51.71%,48.91%,54.49%
Texas,Region 3bc,9.66%,7.78%,11.93%,52.56%,47.59%,57.48%,53.37%,49.75%,56.96%,53.26%,49.90%,56.58%
Texas,Region 4,9.48%,7.37%,12.13%,49.29%,42.98%,55.61%,44.57%,39.78%,49.46%,45.22%,40.74%,49.78%
Texas,Region 5,10.19%,7.81%,13.20%,*,*,*,47.63%,42.07%,53.25%,48.56%,43.27%,53.89%
Texas,Region 6,9.89%,8.23%,11.84%,52.30%,48.46%,56.11%,53.40%,50.58%,56.19%,53.23%,50.67%,55.78%
Texas,Region 6a,9.94%,8.17%,12.05%,52.31%,48.16%,56.43%,53.35%,50.33%,56.35%,53.19%,50.46%,55.91%
Texas,Region 6bc,9.40%,7.16%,12.26%,*,*,*,53.75%,47.84%,59.56%,53.54%,47.89%,59.10%
Texas,Region 7,9.88%,8.16%,11.91%,60.72%,56.65%,64.65%,57.23%,54.05%,60.34%,57.83%,54.90%,60.70%
Texas,Region 7a,10.22%,8.11%,12.81%,61.29%,55.77%,66.53%,61.21%,57.15%,65.11%,61.22%,57.43%,64.88%
Texas,Region 7bcd,9.25%,7.17%,11.84%,59.96%,54.12%,65.53%,49.78%,44.85%,54.72%,51.86%,47.37%,56.32%
Texas,Region 8,10.53%,8.45%,13.04%,57.25%,52.25%,62.11%,53.29%,49.48%,57.07%,53.91%,50.42%,57.35%
Texas,Region 9,10.60%,8.14%,13.69%,*,*,*,52.95%,46.58%,59.21%,53.34%,47.29%,59.29%
Texas,Region 10,9.52%,7.38%,12.20%,51.35%,44.54%,58.11%,45.43%,39.93%,51.05%,46.47%,41.33%,51.69%
Texas,Region 11,9.30%,7.56%,11.38%,45.52%,40.90%,50.21%,43.68%,39.80%,47.64%,44.00%,40.44%,47.62%
Texas,Region 11abd,9.34%,7.25%,11.96%,45.51%,39.68%,51.47%,44.47%,39.55%,49.51%,44.65%,40.10%,49.29%
Texas,Region 11c (Hidalgo),9.23%,7.03%,12.03%,45.53%,38.96%,52.26%,42.27%,36.92%,47.81%,42.86%,37.89%,47.99%
Utah,Utah,5.36%,4.02%,7.12%,35.09%,31.50%,38.86%,32.29%,29.84%,34.84%,32.81%,30.63%,35.06%
Utah,"Bear River, Northeastern, Summit, Tooele, and Wasatch",5.04%,3.37%,7.46%,*,*,*,28.19%,23.34%,33.60%,28.85%,24.21%,33.98%
Utah,"Central, Four Corners, San Juan, and Southwest",5.73%,3.99%,8.18%,32.61%,26.56%,39.30%,27.92%,23.56%,32.73%,28.75%,24.56%,33.33%
Utah,"Central, Four Corners, and San Juan",*,*,*,*,*,*,26.99%,21.45%,33.36%,27.87%,22.42%,34.07%
Utah,Southwest,5.63%,3.73%,8.40%,*,*,*,28.49%,23.17%,34.48%,29.29%,24.18%,34.98%
Utah,Davis County,5.07%,3.39%,7.52%,*,*,*,31.23%,25.82%,37.20%,31.32%,26.22%,36.91%
Utah,Salt Lake County,6.10%,4.42%,8.36%,44.49%,39.32%,49.79%,38.74%,35.37%,42.21%,39.67%,36.60%,42.82%
Utah,Utah County,3.97%,2.64%,5.94%,25.82%,20.71%,31.69%,23.02%,19.03%,27.58%,23.73%,20.16%,27.72%
Utah,"Weber, Morgan",5.92%,3.97%,8.73%,*,*,*,33.85%,28.36%,39.82%,34.47%,29.31%,40.04%
Vermont,Vermont,13.57%,11.51%,15.93%,71.39%,67.94%,74.61%,64.50%,61.45%,67.42%,65.52%,62.81%,68.14%
Vermont,Champlain Valley,13.62%,10.89%,16.90%,75.93%,71.42%,79.93%,67.72%,63.55%,71.62%,69.15%,65.45%,72.62%
Vermont,Rural Northeast,13.82%,10.82%,17.49%,70.62%,64.09%,76.41%,64.25%,58.76%,69.39%,65.13%,60.03%,69.90%
Vermont,Rural Southeast,14.05%,10.90%,17.92%,66.34%,59.84%,72.27%,63.38%,58.28%,68.21%,63.73%,58.97%,68.24%
Vermont,Rural Southwest,12.38%,9.50%,15.98%,*,*,*,58.40%,52.75%,63.84%,59.14%,53.82%,64.25%
Virginia,Virginia,10.80%,9.32%,12.48%,60.71%,57.96%,63.39%,55.23%,53.03%,57.41%,56.00%,54.03%,57.96%
Virginia,Region 1,10.90%,8.55%,13.81%,63.08%,57.23%,68.57%,55.19%,50.55%,59.73%,56.43%,52.18%,60.58%
Virginia,Region 2,10.97%,8.81%,13.57%,58.65%,53.61%,63.51%,60.91%,56.98%,64.70%,60.64%,57.02%,64.15%
Virginia,Region 3,11.86%,9.37%,14.89%,59.64%,54.43%,64.63%,44.21%,39.95%,48.56%,46.47%,42.54%,50.46%
Virginia,Region 4,9.57%,7.47%,12.19%,62.09%,56.50%,67.38%,55.98%,51.45%,60.41%,56.86%,52.69%,60.93%
Virginia,Region 5,10.71%,8.55%,13.33%,60.79%,55.84%,65.53%,55.61%,51.68%,59.47%,56.42%,52.83%,59.95%
Washington,Washington,9.27%,7.66%,11.19%,57.40%,54.08%,60.66%,61.09%,58.09%,64.00%,60.58%,57.89%,63.21%
Washington,Region 1,9.26%,7.23%,11.79%,54.16%,48.85%,59.38%,55.31%,50.56%,59.97%,55.13%,50.77%,59.41%
Washington,Greater Columbia and North Central,8.29%,6.13%,11.11%,49.44%,42.85%,56.05%,50.86%,44.91%,56.79%,50.62%,45.20%,56.03%
Washington,Spokane,10.91%,8.07%,14.60%,*,*,*,61.54%,55.13%,67.57%,61.66%,55.56%,67.41%
Washington,Region 2,9.12%,7.23%,11.45%,60.14%,55.70%,64.42%,64.26%,60.60%,67.76%,63.73%,60.37%,66.95%
Washington,King,9.01%,6.84%,11.78%,62.75%,57.18%,68.00%,65.52%,61.25%,69.56%,65.18%,61.24%,68.92%
Washington,North Sound,9.30%,6.91%,12.41%,55.89%,49.27%,62.30%,61.97%,56.30%,67.33%,61.14%,55.84%,66.19%
Washington,Region 3,9.48%,7.66%,11.68%,56.19%,51.62%,60.65%,60.23%,56.29%,64.04%,59.68%,56.06%,63.20%
Washington,Pierce,8.59%,6.39%,11.46%,53.42%,46.92%,59.81%,60.13%,54.69%,65.33%,59.15%,54.12%,64.00%
Washington,Salish,*,*,*,*,*,*,*,*,*,*,*,*
Washington,SW WA and Great Rivers,10.33%,7.68%,13.74%,*,*,*,59.91%,53.93%,65.60%,59.65%,54.02%,65.04%
Washington,Thurston-Mason,*,*,*,*,*,*,*,*,*,*,*,*
West Virginia,West Virginia,10.53%,8.83%,12.52%,55.98%,52.60%,59.29%,40.42%,37.56%,43.35%,42.43%,39.85%,45.06%
West Virginia,Region I,11.62%,8.65%,15.46%,*,*,*,*,*,*,45.47%,39.07%,52.02%
West Virginia,Region II,11.00%,8.40%,14.28%,*,*,*,49.36%,43.50%,55.24%,50.52%,44.97%,56.05%
West Virginia,Region III,10.39%,7.74%,13.82%,*,*,*,37.98%,32.12%,44.22%,39.46%,33.83%,45.38%
West Virginia,Region IV,10.89%,8.47%,13.88%,63.70%,58.20%,68.86%,43.31%,38.44%,48.32%,46.74%,42.36%,51.17%
West Virginia,Region V,9.94%,7.68%,12.77%,53.09%,47.28%,58.82%,38.59%,34.08%,43.31%,40.30%,36.10%,44.66%
West Virginia,Region VI,10.28%,7.87%,13.32%,45.60%,39.39%,51.96%,33.01%,28.49%,37.86%,34.43%,30.14%,38.98%
Wisconsin,Wisconsin,11.71%,9.89%,13.81%,69.26%,66.28%,72.08%,66.56%,63.78%,69.22%,66.94%,64.47%,69.32%
Wisconsin,Milwaukee,10.07%,7.63%,13.18%,64.14%,58.40%,69.50%,64.66%,59.53%,69.48%,64.57%,59.94%,68.95%
Wisconsin,Northeastern,12.48%,9.60%,16.07%,71.52%,65.93%,76.53%,67.43%,62.79%,71.76%,67.97%,63.68%,71.98%
Wisconsin,Northern,11.85%,8.93%,15.57%,*,*,*,61.32%,55.14%,67.15%,62.09%,56.25%,67.60%
Wisconsin,Southeastern,11.91%,9.25%,15.19%,68.44%,62.41%,73.90%,70.78%,66.05%,75.10%,70.46%,66.08%,74.50%
Wisconsin,Southern,12.03%,9.30%,15.42%,71.40%,66.12%,76.16%,67.91%,63.20%,72.28%,68.40%,64.11%,72.40%
Wisconsin,Western,11.76%,8.97%,15.27%,71.86%,65.95%,77.10%,62.43%,56.45%,68.05%,63.87%,58.42%,68.98%
Wyoming,Wyoming,11.20%,9.36%,13.35%,62.29%,59.00%,65.47%,56.50%,53.61%,59.34%,57.33%,54.77%,59.85%
Wyoming,Judicial District 1 (Laramie),11.31%,8.56%,14.79%,*,*,*,56.79%,51.62%,61.82%,57.32%,52.48%,62.03%
Wyoming,Judicial District 2,11.00%,8.17%,14.66%,72.76%,67.24%,77.65%,60.37%,54.24%,66.19%,63.71%,58.59%,68.53%
Wyoming,Judicial District 3,10.25%,7.74%,13.46%,*,*,*,49.35%,43.59%,55.12%,50.09%,44.68%,55.51%
Wyoming,Judicial District 4,11.86%,8.83%,15.76%,*,*,*,*,*,*,*,*,*
Wyoming,Judicial District 5,11.57%,8.63%,15.34%,*,*,*,56.67%,50.53%,62.61%,57.30%,51.50%,62.92%
Wyoming,Judicial District 6,11.77%,8.93%,15.36%,61.06%,54.55%,67.20%,57.82%,52.04%,63.39%,58.27%,52.92%,63.43%
Wyoming,Judicial District 7 (Natrona),10.65%,8.07%,13.92%,*,*,*,57.44%,52.06%,62.66%,57.83%,52.81%,62.70%
Wyoming,Judicial District 8,11.88%,8.87%,15.73%,*,*,*,*,*,*,53.19%,46.73%,59.55%
Wyoming,Judicial District 9,11.50%,8.59%,15.24%,*,*,*,59.11%,53.05%,64.90%,59.17%,53.42%,64.68%
