Order,State,Substate Region,12-17 Estimate,"12-17, 
95% CI (Lower)","12-17, 
95% CI (Upper)",18-25 Estimate,"18-25, 
95% CI (Lower)","18-25, 
95% CI (Upper)",26 or Older Estimate,26 or Older 95% CI (Lower),26 or Older 95% CI (Upper),18 or Older Estimate,18 or Older 95% CI, (Lower),18 or Older 95% CI (Upper)
1,Total United States,Total United States,6.10%,5.85%,6.37%,32.68%,32.07%,33.29%,24.97%,24.59%,25.35%,26.08%,25.73%,26.43%,
2,Northeast,Northeast,5.64%,5.18%,6.13%,32.30%,31.21%,33.40%,23.63%,22.83%,24.44%,24.84%,24.13%,25.56%,
3,Midwest,Midwest,7.19%,6.73%,7.68%,36.93%,36.00%,37.87%,27.93%,27.18%,28.70%,29.23%,28.58%,29.90%,
4,South,South,6.45%,6.07%,6.85%,33.88%,33.08%,34.70%,26.97%,26.32%,27.63%,27.96%,27.39%,28.53%,
5,West,West,4.91%,4.48%,5.37%,27.35%,26.30%,28.41%,20.14%,19.40%,20.91%,21.20%,20.54%,21.87%,
6,Alabama,Alabama,8.22%,6.84%,9.86%,40.01%,36.79%,43.31%,30.89%,28.58%,33.29%,32.19%,30.05%,34.40%,
7,Alabama,Region 1,9.18%,7.09%,11.80%,41.18%,35.63%,46.97%,33.90%,30.12%,37.91%,34.85%,31.32%,38.55%,
8,Alabama,Region 2,7.72%,5.91%,10.02%,42.33%,37.14%,47.69%,30.27%,26.81%,33.97%,32.03%,28.82%,35.41%,
9,Alabama,Region 3,6.25%,4.62%,8.41%,33.01%,27.53%,39.00%,27.05%,23.23%,31.25%,28.06%,24.50%,31.93%,
10,Alabama,Region 4,9.25%,7.12%,11.94%,42.18%,36.46%,48.12%,30.89%,26.98%,35.10%,32.39%,28.76%,36.25%,
11,Alaska,Alaska,10.31%,8.58%,12.34%,41.25%,37.98%,44.59%,31.70%,29.35%,34.15%,33.19%,31.07%,35.39%,
12,Alaska,Anchorage,8.09%,6.30%,10.33%,35.68%,31.37%,40.23%,27.58%,24.75%,30.61%,28.87%,26.29%,31.59%,
13,Alaska,Northern,12.08%,9.19%,15.73%,45.94%,39.89%,52.11%,39.56%,35.02%,44.28%,40.72%,36.69%,44.88%,
14,Alaska,South Central,11.90%,9.26%,15.17%,46.24%,40.41%,52.17%,32.54%,28.63%,36.72%,34.49%,30.88%,38.29%,
15,Alaska,Southeast,10.82%,8.07%,14.35%,*,*,*,29.72%,25.06%,34.84%,31.09%,26.68%,35.88%,
16,Arizona,Arizona,5.09%,4.01%,6.42%,30.83%,27.75%,34.10%,22.84%,20.73%,25.10%,24.01%,22.07%,26.05%,
17,Arizona,Central,4.91%,3.69%,6.50%,29.87%,26.11%,33.92%,21.76%,19.29%,24.45%,22.95%,20.71%,25.35%,
18,Arizona,North,7.33%,5.36%,9.93%,*,*,*,26.90%,22.54%,31.76%,28.35%,24.20%,32.91%,
19,Arizona,South,4.59%,3.47%,6.04%,30.18%,25.62%,35.16%,23.36%,20.22%,26.81%,24.36%,21.40%,27.59%,
20,Arizona,South A,4.19%,2.99%,5.84%,29.62%,24.26%,35.61%,21.48%,18.05%,25.37%,22.67%,19.44%,26.27%,
21,Arizona,South B,5.00%,3.62%,6.86%,*,*,*,25.66%,21.20%,30.68%,26.43%,22.21%,31.13%,
22,Arkansas,Arkansas,8.70%,7.26%,10.39%,39.38%,36.06%,42.80%,35.50%,32.98%,38.10%,36.05%,33.75%,38.42%,
23,Arkansas,Catchment Area 1,5.92%,4.30%,8.10%,33.38%,27.79%,39.48%,28.30%,24.45%,32.50%,29.11%,25.58%,32.92%,
24,Arkansas,Catchment Area 2,12.53%,9.38%,16.55%,43.48%,37.06%,50.12%,39.93%,34.78%,45.30%,40.37%,35.62%,45.31%,
25,Arkansas,Catchment Area 3,8.85%,6.63%,11.73%,37.92%,31.72%,44.55%,36.63%,31.85%,41.68%,36.82%,32.45%,41.41%,
26,Arkansas,Catchment Area 4,9.23%,6.98%,12.12%,*,*,*,36.82%,31.98%,41.94%,37.37%,32.86%,42.11%,
27,Arkansas,Catchment Area 5,8.76%,6.65%,11.46%,38.34%,32.61%,44.40%,35.11%,30.59%,39.91%,35.63%,31.52%,39.96%,
28,Arkansas,Catchment Area 6,9.34%,6.93%,12.46%,*,*,*,39.08%,33.98%,44.42%,39.54%,34.78%,44.50%,
29,Arkansas,Catchment Area 7,9.16%,6.93%,12.02%,*,*,*,38.94%,33.65%,44.51%,39.39%,34.45%,44.55%,
30,Arkansas,Catchment Area 8,8.38%,6.26%,11.11%,42.19%,35.72%,48.94%,34.83%,30.39%,39.54%,35.79%,31.65%,40.16%,
31,California,California,4.02%,3.44%,4.70%,23.82%,22.27%,25.44%,17.86%,16.85%,18.92%,18.76%,17.84%,19.70%,
32,California,Region 1R,6.58%,4.96%,8.69%,34.42%,28.74%,40.59%,25.97%,22.10%,30.25%,27.17%,23.53%,31.14%,
33,California,Region 2R,5.14%,3.81%,6.88%,28.31%,23.26%,33.97%,19.44%,16.41%,22.88%,20.78%,17.89%,23.99%,
34,California,Region 3R (Sacramento),4.42%,3.33%,5.86%,23.90%,19.63%,28.76%,20.46%,17.66%,23.57%,20.96%,18.37%,23.81%,
35,California,Region 4R,3.91%,2.95%,5.16%,26.63%,21.58%,32.37%,18.03%,15.26%,21.19%,19.14%,16.46%,22.14%,
36,California,Region 5R (San Francisco),*,*,*,24.43%,19.28%,30.43%,16.09%,13.19%,19.48%,16.92%,14.08%,20.19%,
37,California,Region 6 (Santa Clara),3.12%,2.32%,4.19%,19.75%,15.97%,24.16%,12.81%,10.82%,15.11%,13.71%,11.80%,15.88%,
38,California,Region 7R (Contra Costa),3.76%,2.80%,5.04%,24.01%,19.60%,29.05%,16.29%,13.75%,19.19%,17.31%,14.87%,20.06%,
39,California,Region 8R (Alameda),3.90%,2.90%,5.23%,22.87%,18.51%,27.91%,14.82%,12.36%,17.67%,15.89%,13.54%,18.56%,
40,California,Region 9R (San Mateo),3.23%,2.32%,4.47%,22.73%,17.68%,28.70%,14.03%,11.50%,16.99%,15.01%,12.51%,17.89%,
41,California,Region 10,3.93%,2.88%,5.35%,25.36%,20.43%,31.02%,17.93%,14.90%,21.42%,19.15%,16.23%,22.46%,
42,California,Region 11 (Los Angeles),3.91%,3.24%,4.71%,22.42%,20.36%,24.62%,16.34%,15.04%,17.72%,17.25%,16.06%,18.52%,
43,California,LA SPA 1 and 5,3.80%,2.82%,5.11%,23.35%,18.94%,28.42%,16.40%,13.77%,19.42%,17.44%,14.94%,20.27%,
44,California,LA SPA 2,4.19%,3.13%,5.58%,22.53%,18.53%,27.11%,15.74%,13.40%,18.40%,16.69%,14.48%,19.15%,
45,California,LA SPA 3,3.55%,2.64%,4.74%,20.45%,16.50%,25.06%,14.13%,11.74%,16.92%,15.06%,12.78%,17.67%,
46,California,LA SPA 4,4.21%,3.08%,5.72%,22.52%,17.92%,27.89%,18.09%,15.12%,21.49%,18.68%,15.88%,21.85%,
47,California,LA SPA 6,4.25%,3.10%,5.81%,23.34%,18.73%,28.67%,20.36%,16.95%,24.26%,20.94%,17.81%,24.45%,
48,California,LA SPA 7,3.66%,2.70%,4.96%,23.02%,18.54%,28.21%,15.39%,12.65%,18.59%,16.66%,14.05%,19.63%,
49,California,LA SPA 8,3.79%,2.85%,5.01%,22.50%,18.30%,27.34%,16.79%,14.22%,19.72%,17.61%,15.15%,20.37%,
50,California,Region 12R,4.17%,3.08%,5.63%,23.98%,19.17%,29.55%,22.72%,19.09%,26.80%,22.91%,19.55%,26.66%,
51,California,Regions 13 and 19R,3.85%,2.92%,5.07%,20.65%,17.21%,24.58%,19.50%,16.83%,22.48%,19.69%,17.26%,22.36%,
52,California,Region 14 (Orange),3.85%,2.93%,5.05%,23.44%,19.49%,27.91%,15.25%,12.99%,17.81%,16.43%,14.31%,18.79%,
53,California,Region 15R (Fresno),4.06%,3.00%,5.47%,23.98%,19.29%,29.39%,20.72%,17.44%,24.42%,21.28%,18.24%,24.69%,
54,California,Region 16R (San Diego),4.13%,3.17%,5.35%,25.44%,21.42%,29.94%,18.42%,15.99%,21.11%,19.51%,17.26%,21.97%,
55,California,Region 17R,4.21%,3.16%,5.59%,25.88%,21.57%,30.71%,23.26%,20.13%,26.72%,23.71%,20.86%,26.82%,
56,California,Region 18R (San Bernardino),3.91%,2.95%,5.16%,23.87%,19.86%,28.39%,21.52%,18.53%,24.84%,21.92%,19.23%,24.87%,
57,California,Region 20R,4.04%,3.01%,5.40%,24.31%,19.68%,29.64%,21.72%,18.30%,25.58%,22.15%,18.99%,25.67%,
58,California,Region 21R,4.62%,3.45%,6.17%,25.45%,20.46%,31.18%,19.07%,15.93%,22.66%,20.12%,17.09%,23.54%,
59,Colorado,Colorado,5.76%,4.64%,7.14%,34.68%,31.51%,37.99%,22.24%,20.17%,24.46%,24.03%,22.10%,26.08%,
60,Colorado,Region 1,6.92%,5.04%,9.44%,37.99%,31.95%,44.43%,21.06%,17.76%,24.78%,23.50%,20.39%,26.93%,
61,Colorado,Region 2,5.21%,3.76%,7.18%,*,*,*,24.54%,20.36%,29.27%,26.03%,22.02%,30.48%,
62,Colorado,Region 3,5.78%,4.34%,7.68%,32.87%,27.93%,38.23%,22.52%,19.24%,26.19%,23.96%,20.90%,27.32%,
63,Colorado,Region 4,5.51%,4.00%,7.54%,*,*,*,27.72%,23.18%,32.77%,28.99%,24.66%,33.74%,
64,Colorado,Region 5,4.63%,3.35%,6.36%,32.50%,26.83%,38.74%,22.60%,18.85%,26.85%,23.94%,20.39%,27.90%,
65,Colorado,Region 6,5.53%,4.05%,7.50%,34.18%,28.55%,40.31%,18.98%,15.97%,22.40%,21.13%,18.26%,24.32%,
66,Colorado,Region 7,6.00%,4.42%,8.10%,*,*,*,22.95%,19.33%,27.01%,24.98%,21.51%,28.80%,
67,Connecticut,Connecticut,5.58%,4.47%,6.94%,35.40%,32.04%,38.90%,22.01%,19.84%,24.33%,23.87%,21.86%,26.01%,
68,Connecticut,Eastern,6.69%,4.83%,9.18%,*,*,*,26.88%,22.63%,31.61%,28.85%,24.85%,33.20%,
69,Connecticut,North Central,5.27%,3.85%,7.17%,39.61%,33.96%,45.55%,21.76%,18.61%,25.28%,24.15%,21.18%,27.39%,
70,Connecticut,Northwestern,5.89%,4.32%,8.00%,35.18%,29.33%,41.52%,21.91%,18.42%,25.86%,23.59%,20.28%,27.26%,
71,Connecticut,South Central,6.00%,4.42%,8.09%,33.60%,28.05%,39.65%,22.85%,19.32%,26.80%,24.37%,21.08%,27.99%,
72,Connecticut,Southwest,4.72%,3.45%,6.42%,29.43%,23.98%,35.54%,18.43%,15.23%,22.13%,19.91%,16.85%,23.38%,
73,Delaware,Delaware,5.34%,4.29%,6.62%,33.25%,30.22%,36.44%,24.82%,22.57%,27.22%,25.96%,23.90%,28.15%,
74,Delaware,Kent,5.97%,4.43%,8.00%,33.49%,28.10%,39.35%,26.98%,23.09%,31.26%,27.97%,24.39%,31.87%,
75,Delaware,New Castle (excluding Wilmington City),4.94%,3.73%,6.51%,31.61%,27.75%,35.75%,21.94%,19.28%,24.86%,23.34%,20.92%,25.96%,
76,Delaware,Sussex,6.16%,4.58%,8.25%,36.94%,30.99%,43.31%,27.64%,23.70%,31.95%,28.59%,24.86%,32.63%,
77,Delaware,Wilmington City,4.39%,3.14%,6.10%,*,*,*,29.85%,24.95%,35.26%,30.69%,26.08%,35.72%,
78,District of Columbia,District of Columbia,4.85%,3.76%,6.23%,30.50%,27.21%,34.00%,23.57%,21.38%,25.90%,24.75%,22.72%,26.91%,
79,District of Columbia,Ward 1,*,*,*,25.36%,20.22%,31.30%,22.35%,18.28%,27.03%,22.89%,19.11%,27.15%,
80,District of Columbia,Ward 2,*,*,*,28.00%,22.51%,34.23%,21.40%,17.72%,25.61%,23.09%,19.64%,26.95%,
81,District of Columbia,Ward 3,6.69%,4.78%,9.28%,27.64%,21.95%,34.16%,17.98%,14.73%,21.76%,19.57%,16.45%,23.12%,
82,District of Columbia,Ward 4,5.53%,3.95%,7.70%,*,*,*,20.79%,17.18%,24.92%,22.06%,18.52%,26.06%,
83,District of Columbia,Ward 5,4.69%,3.31%,6.61%,*,*,*,25.12%,21.03%,29.70%,27.01%,23.11%,31.29%,
84,District of Columbia,Ward 6,4.28%,2.98%,6.13%,27.86%,22.85%,33.50%,20.52%,17.12%,24.39%,21.43%,18.21%,25.04%,
85,District of Columbia,Ward 7,3.90%,2.70%,5.60%,33.70%,27.69%,40.29%,29.31%,24.82%,34.24%,30.03%,25.86%,34.55%,
86,District of Columbia,Ward 8,4.37%,3.07%,6.19%,*,*,*,33.71%,29.00%,38.77%,34.05%,29.68%,38.70%,
87,Florida,Florida,4.91%,4.22%,5.69%,27.71%,26.00%,29.50%,22.54%,21.26%,23.87%,23.19%,22.03%,24.38%,
88,Florida,Broward (Circuit 17),3.66%,2.78%,4.82%,25.18%,21.03%,29.85%,19.48%,16.69%,22.61%,20.17%,17.53%,23.10%,
89,Florida,Central I,4.35%,3.51%,5.39%,24.13%,21.17%,27.36%,20.86%,18.67%,23.23%,21.32%,19.36%,23.43%,
90,Florida,Circuit 9,3.52%,2.64%,4.68%,20.98%,17.67%,24.72%,18.82%,16.27%,21.66%,19.16%,16.88%,21.65%,
91,Florida,Circuit 18,5.69%,4.38%,7.36%,30.17%,25.09%,35.78%,23.71%,20.38%,27.40%,24.50%,21.41%,27.87%,
92,Florida,Central II,5.21%,4.36%,6.21%,31.17%,28.56%,33.91%,24.18%,22.39%,26.06%,24.96%,23.30%,26.70%,
93,Florida,Circuit 6,6.10%,4.67%,7.94%,31.03%,26.00%,36.55%,26.74%,23.32%,30.46%,27.18%,23.99%,30.62%,
94,Florida,Circuit 10,5.28%,3.96%,7.00%,33.52%,28.28%,39.19%,27.66%,23.80%,31.87%,28.39%,24.79%,32.29%,
95,Florida,Circuit 12,5.48%,4.11%,7.27%,33.48%,27.57%,39.96%,21.10%,17.84%,24.76%,22.26%,19.14%,25.74%,
96,Florida,Circuit 13 (Hillsborough),4.49%,3.40%,5.91%,29.69%,25.45%,34.30%,24.61%,21.42%,28.09%,25.32%,22.39%,28.49%,
97,Florida,Circuit 20,4.89%,3.62%,6.57%,30.35%,24.98%,36.32%,20.76%,17.48%,24.47%,21.73%,18.59%,25.23%,
98,Florida,Northeast,6.14%,5.10%,7.37%,31.95%,28.77%,35.31%,25.80%,23.59%,28.14%,26.59%,24.54%,28.75%,
99,Florida,Circuit 4,5.80%,4.38%,7.66%,31.75%,26.39%,37.64%,25.52%,21.96%,29.44%,26.37%,23.04%,30.00%,
100,Florida,Circuit 5,6.31%,4.84%,8.19%,32.74%,27.17%,38.85%,25.52%,21.91%,29.51%,26.21%,22.78%,29.95%,
101,Florida,Circuit 7,6.19%,4.70%,8.12%,35.59%,29.97%,41.63%,24.94%,21.27%,29.00%,26.17%,22.70%,29.96%,
102,Florida,"Circuit 8 plus Columbia, Dixie, Hamilton, Lafayette, and Suwannee",6.54%,4.92%,8.65%,27.94%,22.54%,34.05%,28.66%,24.26%,33.50%,28.50%,24.46%,32.92%,
103,Florida,Northwest,6.77%,5.51%,8.30%,30.65%,27.37%,34.13%,26.30%,23.70%,29.07%,26.99%,24.67%,29.44%,
104,Florida,Circuit 1,6.33%,4.78%,8.34%,29.87%,24.96%,35.28%,24.60%,20.99%,28.60%,25.35%,22.05%,28.96%,
105,Florida,Circuit 2 plus Madison and Taylor,6.43%,4.83%,8.51%,29.48%,24.70%,34.75%,25.62%,21.77%,29.89%,26.42%,23.01%,30.14%,
106,Florida,Circuit 14,*,*,*,35.73%,29.67%,42.27%,31.15%,26.45%,36.27%,31.72%,27.35%,36.45%,
107,Florida,South (Circuits 11 and 16),3.23%,2.38%,4.37%,18.08%,14.88%,21.80%,16.54%,14.29%,19.07%,16.74%,14.69%,19.03%,
108,Florida,Southeast,4.75%,3.79%,5.93%,29.43%,25.68%,33.49%,22.22%,19.69%,24.98%,23.02%,20.65%,25.58%,
109,Florida,Circuit 15 (Palm Beach),4.42%,3.35%,5.82%,29.09%,24.48%,34.17%,20.77%,17.70%,24.21%,21.70%,18.81%,24.89%,
110,Florida,Circuit 19,5.44%,4.10%,7.20%,30.23%,24.58%,36.55%,25.41%,21.74%,29.47%,25.93%,22.45%,29.76%,
111,Georgia,Georgia,6.46%,5.41%,7.69%,33.47%,30.99%,36.05%,26.49%,24.66%,28.39%,27.52%,25.87%,29.23%,
112,Georgia,Region 1,6.69%,5.19%,8.59%,34.82%,30.24%,39.69%,25.43%,22.60%,28.47%,26.67%,24.08%,29.44%,
113,Georgia,Region 2,7.00%,5.34%,9.13%,32.03%,26.90%,37.64%,28.74%,25.11%,32.66%,29.28%,25.99%,32.79%,
114,Georgia,Region 3,4.90%,3.77%,6.35%,30.06%,26.30%,34.11%,22.16%,19.45%,25.12%,23.29%,20.82%,25.95%,
115,Georgia,Region 4,8.18%,6.07%,10.94%,*,*,*,33.64%,28.99%,38.63%,34.03%,29.70%,38.65%,
116,Georgia,Region 5,7.70%,5.80%,10.14%,35.90%,30.54%,41.64%,31.66%,27.48%,36.17%,32.36%,28.54%,36.42%,
117,Georgia,Region 6,7.15%,5.48%,9.28%,36.30%,30.92%,42.05%,28.51%,24.75%,32.59%,29.68%,26.23%,33.38%,
118,Hawaii,Hawaii,4.33%,3.37%,5.56%,28.03%,24.90%,31.38%,19.31%,17.27%,21.52%,20.44%,18.56%,22.46%,
119,Hawaii,Hawaii Island,4.36%,3.16%,5.98%,28.64%,23.26%,34.70%,21.90%,18.23%,26.08%,22.74%,19.24%,26.66%,
120,Hawaii,Honolulu,4.18%,3.12%,5.58%,27.47%,23.84%,31.43%,18.31%,16.05%,20.81%,19.55%,17.46%,21.82%,
121,Hawaii,Kauai,5.33%,3.78%,7.46%,*,*,*,21.68%,17.66%,26.33%,22.93%,19.04%,27.36%,
122,Hawaii,Maui,4.75%,3.37%,6.64%,*,*,*,21.34%,17.61%,25.60%,22.27%,18.70%,26.31%,
123,Idaho,Idaho,6.87%,5.57%,8.45%,31.90%,28.88%,35.09%,22.24%,20.24%,24.38%,23.64%,21.78%,25.61%,
124,Idaho,Region 1,10.32%,7.48%,14.08%,*,*,*,25.10%,21.11%,29.55%,26.80%,23.02%,30.95%,
125,Idaho,Region 2,*,*,*,*,*,*,23.35%,19.25%,28.02%,24.93%,20.98%,29.34%,
126,Idaho,Region 3,5.75%,4.23%,7.76%,29.60%,24.53%,35.22%,23.12%,19.67%,26.97%,24.05%,20.84%,27.59%,
127,Idaho,Region 4,7.48%,5.58%,9.98%,36.54%,31.57%,41.82%,21.49%,18.57%,24.74%,23.47%,20.73%,26.45%,
128,Idaho,Region 5,5.67%,4.11%,7.78%,31.45%,25.93%,37.55%,23.88%,20.10%,28.13%,24.93%,21.39%,28.85%,
129,Idaho,Region 6,6.21%,4.51%,8.50%,*,*,*,21.73%,17.81%,26.25%,22.99%,19.21%,27.27%,
130,Idaho,Region 7,5.07%,3.56%,7.17%,23.80%,19.00%,29.37%,18.32%,15.11%,22.03%,19.32%,16.35%,22.69%,
131,Illinois,Illinois,6.05%,5.20%,7.03%,33.37%,31.27%,35.53%,24.33%,22.89%,25.84%,25.62%,24.30%,26.98%,
132,Illinois,Region 1 (Cook),4.68%,3.82%,5.73%,30.09%,27.36%,32.96%,21.45%,19.68%,23.34%,22.64%,21.01%,24.37%,
133,Illinois,Region 1.1 (Far North Side),*,*,*,*,*,*,20.91%,17.43%,24.88%,21.87%,18.47%,25.68%,
134,Illinois,Region 1.2 (Northwest Side),*,*,*,*,*,*,21.94%,18.00%,26.45%,22.82%,19.08%,27.04%,
135,Illinois,Region 1.3 (North Central Side),*,*,*,*,*,*,20.37%,16.82%,24.44%,21.64%,18.21%,25.50%,
136,Illinois,Region 1.4 (West Side),4.67%,3.37%,6.44%,28.18%,22.61%,34.51%,26.06%,21.75%,30.90%,26.41%,22.40%,30.85%,
137,Illinois,Region 1.5 (South Side),4.23%,3.08%,5.79%,32.92%,26.91%,39.54%,25.48%,21.44%,29.99%,26.61%,22.84%,30.75%,
138,Illinois,Region 1.6 (Southwest Side),4.79%,3.50%,6.53%,31.10%,25.38%,37.46%,25.67%,21.58%,30.23%,26.57%,22.75%,30.77%,
139,Illinois,Region 1.7 (Suburban Cook),4.60%,3.51%,6.00%,30.03%,26.02%,34.37%,19.28%,16.87%,21.95%,20.67%,18.42%,23.12%,
140,Illinois,Region 2,5.54%,4.58%,6.69%,31.36%,28.40%,34.48%,21.84%,19.97%,23.84%,23.20%,21.47%,25.03%,
141,Illinois,Region 2a (DuPage),4.91%,3.66%,6.56%,27.83%,22.77%,33.53%,16.59%,13.94%,19.63%,18.09%,15.54%,20.97%,
142,Illinois,Region 2b,5.36%,4.21%,6.79%,29.95%,25.85%,34.40%,21.18%,18.70%,23.88%,22.46%,20.16%,24.93%,
143,Illinois,Region 2c (Winnebago),6.49%,4.80%,8.72%,*,*,*,30.07%,25.60%,34.94%,31.11%,26.88%,35.68%,
144,Illinois,Region 2d,6.77%,5.12%,8.90%,37.67%,32.04%,43.65%,27.93%,24.03%,32.19%,29.40%,25.78%,33.31%,
145,Illinois,Region 3,8.37%,6.71%,10.40%,38.21%,34.05%,42.55%,31.29%,28.01%,34.76%,32.42%,29.52%,35.47%,
146,Illinois,Region 3a (Champaign),*,*,*,33.49%,27.50%,40.06%,23.98%,20.08%,28.38%,26.63%,22.94%,30.68%,
147,Illinois,Region 3b,8.54%,6.74%,10.76%,39.77%,34.84%,44.91%,32.33%,28.70%,36.18%,33.40%,30.13%,36.84%,
148,Illinois,Region 4,9.36%,7.37%,11.82%,42.13%,36.67%,47.79%,31.33%,27.97%,34.89%,32.79%,29.61%,36.14%,
149,Illinois,Region 4a (Sangamon),*,*,*,*,*,*,28.87%,24.40%,33.79%,29.94%,25.68%,34.56%,
150,Illinois,Region 4b,9.89%,7.57%,12.82%,43.36%,36.94%,50.02%,32.04%,28.11%,36.23%,33.60%,29.90%,37.52%,
151,Illinois,Region 5,9.05%,7.29%,11.18%,41.12%,36.42%,45.99%,31.70%,28.46%,35.13%,32.99%,29.98%,36.15%,
152,Illinois,Region 5a,7.03%,5.24%,9.36%,*,*,*,27.71%,23.52%,32.33%,29.12%,25.18%,33.41%,
153,Illinois,Region 5b,10.83%,8.36%,13.92%,43.47%,37.49%,49.65%,34.89%,30.62%,39.41%,36.07%,32.14%,40.20%,
154,Indiana,Indiana,8.31%,6.91%,9.98%,40.70%,37.58%,43.89%,30.63%,28.28%,33.10%,32.15%,30.00%,34.36%,
155,Indiana,Central,6.49%,4.89%,8.57%,36.69%,31.85%,41.83%,24.30%,21.12%,27.78%,26.02%,23.07%,29.20%,
156,Indiana,East,10.45%,7.82%,13.82%,*,*,*,34.79%,29.62%,40.33%,35.82%,31.08%,40.86%,
157,Indiana,North Central,8.23%,6.17%,10.90%,42.54%,36.04%,49.31%,32.85%,28.40%,37.62%,34.25%,30.12%,38.63%,
158,Indiana,Northeast,8.15%,6.02%,10.95%,*,*,*,29.22%,24.95%,33.89%,30.96%,26.99%,35.24%,
159,Indiana,Northwest,6.99%,5.19%,9.34%,*,*,*,31.42%,26.65%,36.61%,32.68%,28.24%,37.45%,
160,Indiana,Southeast,10.95%,8.35%,14.22%,*,*,*,34.78%,29.87%,40.03%,36.18%,31.55%,41.08%,
161,Indiana,Southwest,*,*,*,42.79%,36.26%,49.59%,32.54%,27.68%,37.82%,33.96%,29.45%,38.79%,
162,Indiana,West,10.33%,7.75%,13.64%,40.92%,34.42%,47.74%,35.13%,29.99%,40.63%,36.39%,31.82%,41.22%,
163,Iowa,Iowa,7.32%,6.00%,8.92%,37.87%,34.56%,41.29%,28.10%,25.84%,30.46%,29.58%,27.51%,31.74%,
164,Iowa,Central,6.56%,4.88%,8.75%,35.55%,29.77%,41.78%,26.16%,22.33%,30.38%,27.50%,23.93%,31.38%,
165,Iowa,North Central,6.81%,4.94%,9.33%,32.43%,26.72%,38.71%,27.21%,23.00%,31.88%,28.20%,24.37%,32.37%,
166,Iowa,Northeast,7.65%,5.79%,10.04%,37.44%,32.11%,43.09%,27.78%,24.25%,31.61%,29.25%,26.00%,32.72%,
167,Iowa,Northwest,7.73%,5.76%,10.30%,39.47%,33.30%,45.99%,30.17%,25.74%,34.99%,31.45%,27.33%,35.89%,
168,Iowa,Southeast,7.45%,5.63%,9.80%,40.18%,34.21%,46.46%,28.23%,24.55%,32.22%,30.14%,26.75%,33.77%,
169,Iowa,Southwest,7.65%,5.63%,10.31%,*,*,*,29.82%,25.37%,34.69%,31.64%,27.42%,36.19%,
170,Kansas,Kansas,6.94%,5.67%,8.47%,33.71%,30.65%,36.91%,25.76%,23.54%,28.12%,26.98%,24.96%,29.11%,
171,Kansas,Northeast,6.08%,4.68%,7.88%,31.12%,27.26%,35.27%,22.03%,19.36%,24.94%,23.50%,21.08%,26.11%,
172,Kansas,Northwest and North Central,8.75%,6.43%,11.80%,*,*,*,30.34%,25.31%,35.90%,31.61%,26.84%,36.81%,
173,Kansas,South Central,7.50%,5.72%,9.77%,36.39%,31.29%,41.82%,28.82%,25.35%,32.56%,29.93%,26.74%,33.32%,
174,Kansas,Southeast,10.71%,7.86%,14.45%,*,*,*,31.86%,26.67%,37.54%,32.68%,27.84%,37.92%,
175,Kansas,Southwest,4.99%,3.58%,6.90%,*,*,*,28.02%,23.32%,33.26%,28.75%,24.34%,33.61%,
176,Kentucky,Kentucky,10.31%,8.70%,12.17%,44.56%,41.20%,47.98%,36.72%,34.23%,39.28%,37.83%,35.58%,40.14%,
177,Kentucky,"Adanta, Cumberland River, and Lifeskills",13.35%,10.37%,17.03%,48.61%,42.25%,55.01%,40.06%,35.40%,44.90%,41.29%,37.05%,45.67%,
178,Kentucky,"Bluegrass, Comprehend, and North Key",8.43%,6.52%,10.83%,41.59%,36.43%,46.94%,32.81%,29.04%,36.80%,34.12%,30.70%,37.71%,
179,Kentucky,Centerstone,8.13%,6.29%,10.43%,42.90%,37.17%,48.82%,33.07%,29.13%,37.27%,34.39%,30.79%,38.17%,
180,Kentucky,Communicare and River Valley,10.44%,7.92%,13.64%,*,*,*,41.24%,35.79%,46.90%,41.86%,36.83%,47.06%,
181,Kentucky,Four Rivers and Pennyroyal,11.13%,8.37%,14.66%,42.88%,36.32%,49.69%,37.95%,32.86%,43.32%,38.68%,33.99%,43.58%,
182,Kentucky,"Kentucky River, Mountain, and Pathways",14.73%,11.34%,18.92%,*,*,*,43.59%,38.41%,48.92%,44.51%,39.73%,49.39%,
183,Louisiana,Louisiana,8.13%,6.77%,9.74%,37.92%,34.73%,41.22%,32.23%,29.88%,34.68%,33.07%,30.93%,35.28%,
184,Louisiana,Regions 1 and 10,6.27%,4.89%,8.01%,33.67%,28.63%,39.11%,27.85%,24.38%,31.61%,28.66%,25.41%,32.14%,
185,Louisiana,Region 1,6.83%,5.09%,9.12%,*,*,*,28.93%,24.37%,33.97%,29.77%,25.49%,34.44%,
186,Louisiana,Region 10 (Jefferson),5.69%,4.17%,7.72%,32.64%,26.63%,39.29%,26.71%,22.59%,31.28%,27.44%,23.56%,31.68%,
187,Louisiana,Regions 2 and 9,7.65%,5.78%,10.05%,39.90%,35.05%,44.96%,31.04%,27.47%,34.84%,32.39%,29.16%,35.80%,
188,Louisiana,Region 3,8.55%,6.46%,11.23%,*,*,*,33.00%,28.47%,37.87%,34.00%,29.77%,38.50%,
189,Louisiana,"Regions 4, 5, and 6",9.42%,7.27%,12.12%,41.05%,35.10%,47.28%,35.93%,31.87%,40.20%,36.68%,32.89%,40.64%,
190,Louisiana,Regions 7 and 8,8.46%,6.43%,11.06%,34.34%,28.94%,40.17%,33.17%,29.10%,37.51%,33.34%,29.60%,37.31%,
191,Maine,Maine,9.04%,7.43%,10.95%,36.26%,33.10%,39.55%,24.17%,21.94%,26.56%,25.62%,23.53%,27.83%,
192,Maine,Aroostook/Downeast,11.07%,8.63%,14.10%,39.54%,34.13%,45.22%,27.07%,23.60%,30.84%,28.44%,25.13%,31.99%,
193,Maine,Aroostook,10.40%,7.73%,13.86%,*,*,*,30.40%,25.69%,35.56%,31.35%,26.89%,36.18%,
194,Maine,Downeast,*,*,*,*,*,*,24.42%,20.24%,29.15%,26.11%,22.05%,30.61%,
195,Maine,Central,9.76%,7.31%,12.91%,*,*,*,27.26%,23.09%,31.87%,28.58%,24.62%,32.89%,
196,Maine,Cumberland,7.29%,5.48%,9.63%,37.04%,31.56%,42.87%,20.22%,17.04%,23.81%,22.29%,19.26%,25.64%,
197,Maine,Midcoast,9.92%,7.35%,13.27%,*,*,*,21.80%,18.16%,25.95%,23.51%,19.98%,27.45%,
198,Maine,Penquis,9.06%,6.67%,12.18%,31.63%,25.88%,38.02%,26.21%,22.00%,30.91%,27.00%,23.09%,31.31%,
199,Maine,Western,8.88%,6.68%,11.73%,37.88%,31.84%,44.33%,27.00%,22.99%,31.44%,28.36%,24.59%,32.46%,
200,Maine,York,8.94%,6.67%,11.88%,32.33%,26.90%,38.28%,22.15%,18.52%,26.27%,23.31%,19.88%,27.12%,
201,Maryland,Maryland,5.60%,4.55%,6.88%,31.56%,28.65%,34.63%,22.63%,20.64%,24.76%,23.85%,21.99%,25.82%,
202,Maryland,Anne Arundel,5.91%,4.29%,8.08%,*,*,*,22.65%,18.75%,27.09%,24.44%,20.69%,28.63%,
203,Maryland,Baltimore City,6.14%,4.46%,8.38%,32.93%,27.20%,39.22%,33.45%,28.95%,38.28%,33.37%,29.29%,37.71%,
204,Maryland,Baltimore County,6.46%,4.75%,8.73%,*,*,*,23.38%,19.52%,27.73%,24.60%,20.92%,28.69%,
205,Maryland,Montgomery,4.01%,2.87%,5.58%,24.40%,19.51%,30.07%,14.35%,11.75%,17.40%,15.51%,12.99%,18.42%,
206,Maryland,North Central,6.09%,4.38%,8.41%,*,*,*,18.90%,15.64%,22.65%,20.77%,17.55%,24.40%,
207,Maryland,Northeast,6.56%,4.72%,9.05%,*,*,*,23.71%,19.59%,28.39%,25.06%,21.12%,29.46%,
208,Maryland,Prince George's,3.69%,2.63%,5.14%,27.78%,22.71%,33.49%,21.14%,17.58%,25.21%,22.16%,18.85%,25.88%,
209,Maryland,South,6.32%,4.64%,8.56%,*,*,*,24.87%,20.92%,29.29%,26.16%,22.43%,30.27%,
210,Maryland,West,7.73%,5.79%,10.27%,*,*,*,27.86%,23.70%,32.45%,28.96%,25.03%,33.24%,
211,Massachusetts,Massachusetts,5.30%,4.29%,6.53%,32.57%,29.38%,35.92%,20.87%,18.85%,23.04%,22.60%,20.70%,24.62%,
212,Massachusetts,Boston,3.47%,2.52%,4.74%,28.18%,22.72%,34.37%,21.43%,17.65%,25.78%,22.82%,19.29%,26.79%,
213,Massachusetts,Central,5.36%,3.97%,7.20%,34.81%,28.84%,41.31%,22.72%,19.18%,26.69%,24.47%,21.14%,28.14%,
214,Massachusetts,Metrowest,5.31%,3.95%,7.10%,29.28%,23.81%,35.43%,16.97%,14.16%,20.20%,18.64%,15.91%,21.71%,
215,Massachusetts,Northeast,4.53%,3.33%,6.13%,31.97%,26.51%,37.98%,19.44%,16.40%,22.90%,21.11%,18.20%,24.34%,
216,Massachusetts,Southeast,7.09%,5.22%,9.57%,38.83%,32.90%,45.12%,23.55%,19.95%,27.57%,25.52%,22.13%,29.23%,
217,Massachusetts,Western,5.10%,3.72%,6.97%,34.52%,28.69%,40.85%,23.93%,19.98%,28.38%,25.70%,22.00%,29.79%,
218,Michigan,Michigan,7.09%,6.13%,8.19%,35.67%,33.53%,37.87%,28.41%,26.85%,30.03%,29.47%,28.08%,30.91%,
219,Michigan,Region 1,10.80%,8.20%,14.11%,*,*,*,32.72%,28.18%,37.60%,34.02%,29.77%,38.54%,
220,Michigan,Region 2,10.84%,8.28%,14.07%,*,*,*,29.36%,25.12%,34.00%,30.81%,26.78%,35.15%,
221,Michigan,Region 3,5.36%,4.13%,6.92%,31.96%,27.70%,36.54%,27.00%,23.93%,30.32%,27.76%,24.98%,30.72%,
222,Michigan,Region 4,7.58%,5.76%,9.91%,35.28%,30.37%,40.51%,32.19%,28.45%,36.17%,32.65%,29.27%,36.22%,
223,Michigan,Region 5,7.48%,5.89%,9.47%,38.84%,34.75%,43.09%,30.30%,27.37%,33.40%,31.74%,29.15%,34.45%,
224,Michigan,Region 6,5.94%,4.55%,7.72%,32.32%,27.28%,37.81%,23.82%,20.54%,27.45%,25.23%,22.20%,28.53%,
225,Michigan,Region 7,6.61%,5.19%,8.38%,33.62%,29.45%,38.07%,29.02%,25.82%,32.44%,29.70%,26.84%,32.74%,
226,Michigan,Region 8,6.23%,4.83%,8.01%,31.62%,26.83%,36.84%,21.49%,18.58%,24.70%,22.74%,20.04%,25.70%,
227,Michigan,Region 9,7.97%,6.11%,10.35%,37.15%,31.97%,42.64%,29.72%,26.04%,33.69%,30.67%,27.27%,34.29%,
228,Michigan,Region 10,8.05%,6.15%,10.48%,41.97%,36.16%,48.00%,33.79%,29.76%,38.08%,34.90%,31.14%,38.84%,
229,Minnesota,Minnesota,6.12%,4.97%,7.53%,35.82%,32.56%,39.22%,25.06%,22.93%,27.33%,26.55%,24.54%,28.66%,
230,Minnesota,Regions 1 and 2,8.89%,6.88%,11.41%,40.44%,34.58%,46.60%,29.97%,25.97%,34.31%,31.36%,27.54%,35.47%,
231,Minnesota,Region 1,*,*,*,*,*,*,29.46%,24.56%,34.89%,31.05%,26.36%,36.16%,
232,Minnesota,Region 2,9.12%,6.67%,12.34%,*,*,*,30.28%,25.32%,35.73%,31.55%,26.84%,36.69%,
233,Minnesota,Regions 3 and 4,8.07%,6.16%,10.52%,39.62%,34.15%,45.36%,29.44%,25.84%,33.31%,30.89%,27.49%,34.50%,
234,Minnesota,Region 3,8.56%,6.19%,11.74%,*,*,*,29.49%,24.52%,35.00%,31.05%,26.23%,36.33%,
235,Minnesota,Region 4,7.85%,5.75%,10.63%,38.94%,32.65%,45.61%,29.40%,25.15%,34.05%,30.79%,26.84%,35.05%,
236,Minnesota,Regions 5 and 6,6.00%,4.58%,7.82%,36.65%,31.66%,41.95%,27.15%,23.73%,30.86%,28.53%,25.31%,31.99%,
237,Minnesota,Region 5,5.84%,4.25%,7.98%,35.51%,29.34%,42.20%,28.05%,23.52%,33.08%,29.14%,24.93%,33.75%,
238,Minnesota,Region 6,6.16%,4.43%,8.49%,*,*,*,26.22%,21.95%,30.99%,27.91%,23.79%,32.43%,
239,Minnesota,Region 7,5.11%,4.01%,6.48%,33.43%,29.62%,37.47%,22.10%,19.76%,24.64%,23.63%,21.44%,25.98%,
240,Minnesota,Region 7A (Hennepin),4.81%,3.53%,6.51%,33.67%,28.28%,39.52%,20.50%,17.45%,23.94%,22.24%,19.36%,25.40%,
241,Minnesota,Region 7B (Ramsey),5.14%,3.73%,7.03%,31.48%,25.58%,38.05%,24.37%,20.51%,28.69%,25.49%,21.85%,29.51%,
242,Minnesota,Region 7C,5.33%,3.95%,7.17%,34.25%,28.82%,40.12%,22.76%,19.47%,26.41%,24.24%,21.13%,27.64%,
243,Mississippi,Mississippi,9.19%,7.67%,10.98%,36.80%,33.61%,40.11%,33.37%,30.96%,35.86%,33.89%,31.72%,36.12%,
244,Mississippi,Region 1,10.21%,7.94%,13.04%,39.50%,34.02%,45.25%,34.86%,30.75%,39.21%,35.56%,31.86%,39.45%,
245,Mississippi,Region 2,7.80%,5.75%,10.50%,32.50%,26.76%,38.81%,33.77%,29.13%,38.73%,33.57%,29.34%,38.08%,
246,Mississippi,Region 3,9.74%,7.39%,12.74%,35.67%,29.95%,41.83%,35.03%,30.53%,39.82%,35.14%,31.03%,39.47%,
247,Mississippi,Region 4,7.51%,5.67%,9.87%,35.91%,30.49%,41.71%,28.34%,24.49%,32.54%,29.47%,25.97%,33.24%,
248,Mississippi,Region 5,10.02%,7.39%,13.44%,*,*,*,36.92%,31.58%,42.61%,37.04%,32.01%,42.38%,
249,Mississippi,Region 6,9.66%,7.27%,12.73%,37.04%,30.79%,43.74%,35.62%,31.03%,40.48%,35.84%,31.61%,40.29%,
250,Mississippi,Region 7,9.74%,7.41%,12.69%,37.99%,31.67%,44.74%,32.55%,28.18%,37.24%,33.31%,29.24%,37.65%,
251,Missouri,Missouri,8.75%,7.32%,10.42%,40.65%,37.51%,43.87%,30.63%,28.23%,33.14%,32.06%,29.88%,34.32%,
252,Missouri,Central,9.06%,6.86%,11.87%,39.85%,34.00%,46.00%,31.27%,26.93%,35.97%,32.77%,28.85%,36.94%,
253,Missouri,Eastern,7.79%,6.16%,9.79%,38.66%,34.14%,43.39%,28.71%,25.53%,32.11%,30.06%,27.13%,33.16%,
254,Missouri,Eastern (St. Louis City and County),7.00%,5.21%,9.35%,35.41%,29.80%,41.45%,28.38%,24.49%,32.62%,29.35%,25.76%,33.21%,
255,Missouri,Eastern (excluding St. Louis),8.92%,6.70%,11.77%,44.50%,38.16%,51.04%,29.26%,25.12%,33.78%,31.28%,27.41%,35.43%,
256,Missouri,Northwest,7.72%,6.04%,9.82%,42.15%,37.18%,47.27%,30.19%,26.79%,33.81%,31.85%,28.69%,35.20%,
257,Missouri,Northwest (Jackson),6.52%,4.84%,8.73%,38.69%,32.55%,45.22%,29.54%,25.35%,34.10%,30.77%,26.88%,34.95%,
258,Missouri,Northwest (excluding Jackson),8.67%,6.48%,11.50%,*,*,*,30.74%,26.24%,35.65%,32.77%,28.53%,37.32%,
259,Missouri,Southeast,12.24%,9.29%,15.95%,42.87%,36.46%,49.53%,35.98%,31.29%,40.96%,36.92%,32.57%,41.49%,
260,Missouri,Southwest,9.64%,7.32%,12.60%,41.87%,35.84%,48.15%,31.00%,26.72%,35.63%,32.53%,28.57%,36.76%,
261,Montana,Montana,10.14%,8.55%,11.99%,39.95%,36.69%,43.31%,28.64%,26.24%,31.16%,30.23%,28.02%,32.54%,
262,Montana,Region 1,11.39%,8.45%,15.20%,*,*,*,34.31%,29.09%,39.94%,35.95%,31.02%,41.20%,
263,Montana,Region 2,9.34%,7.13%,12.15%,39.94%,33.96%,46.23%,30.43%,26.00%,35.25%,31.82%,27.78%,36.16%,
264,Montana,Region 3,8.87%,6.80%,11.48%,40.57%,34.63%,46.79%,28.34%,24.66%,32.33%,29.92%,26.47%,33.62%,
265,Montana,Region 4,9.26%,7.16%,11.90%,38.18%,32.99%,43.66%,27.42%,23.69%,31.49%,29.03%,25.60%,32.72%,
266,Montana,Region 5,11.89%,9.35%,15.00%,39.56%,34.59%,44.76%,27.60%,24.11%,31.39%,29.30%,26.09%,32.73%,
267,Nebraska,Nebraska,6.34%,5.17%,7.75%,37.15%,33.98%,40.43%,28.46%,26.15%,30.89%,29.78%,27.69%,31.95%,
268,Nebraska,Regions 1 and 2,7.00%,5.36%,9.08%,42.76%,36.45%,49.32%,31.88%,27.74%,36.32%,33.34%,29.39%,37.55%,
269,Nebraska,Region 1,*,*,*,*,*,*,31.19%,26.08%,36.81%,32.76%,27.83%,38.09%,
270,Nebraska,Region 2,*,*,*,*,*,*,32.48%,27.26%,38.17%,33.86%,28.89%,39.22%,
271,Nebraska,Region 3,6.74%,4.98%,9.07%,*,*,*,29.45%,25.19%,34.11%,30.85%,26.91%,35.08%,
272,Nebraska,Region 4,6.48%,4.77%,8.74%,*,*,*,30.00%,25.35%,35.11%,30.89%,26.54%,35.60%,
273,Nebraska,Region 5,6.94%,5.18%,9.22%,37.29%,31.78%,43.15%,28.34%,24.85%,32.10%,29.85%,26.63%,33.27%,
274,Nebraska,Region 6,5.74%,4.40%,7.44%,35.57%,31.25%,40.13%,26.98%,23.73%,30.49%,28.26%,25.34%,31.37%,
275,Nevada,Nevada,6.07%,4.84%,7.59%,29.85%,26.75%,33.15%,25.42%,22.96%,28.04%,26.01%,23.79%,28.35%,
276,Nevada,Clark â€“ Region 1,5.57%,4.29%,7.21%,28.53%,24.93%,32.43%,24.20%,21.44%,27.20%,24.78%,22.30%,27.44%,
277,Nevada,Region 3,8.25%,6.22%,10.87%,36.52%,30.71%,42.75%,31.06%,26.73%,35.75%,31.70%,27.60%,36.12%,
278,Nevada,Capital District,*,*,*,*,*,*,29.29%,24.16%,35.01%,29.96%,25.04%,35.40%,
279,Nevada,Rural/Frontier,*,*,*,*,*,*,32.70%,27.17%,38.75%,33.30%,28.07%,38.97%,
280,Nevada,Washoe â€“ Region 2,6.73%,5.01%,9.00%,31.37%,26.09%,37.17%,26.51%,22.54%,30.90%,27.17%,23.51%,31.17%,
281,New Hampshire,New Hampshire,7.89%,6.50%,9.54%,38.00%,34.58%,41.54%,23.79%,21.64%,26.09%,25.72%,23.71%,27.84%,
282,New Hampshire,Central,8.25%,6.50%,10.40%,37.23%,32.72%,41.97%,26.09%,23.07%,29.36%,27.70%,24.88%,30.70%,
283,New Hampshire,Central 1,8.58%,6.42%,11.40%,35.77%,29.95%,42.05%,26.66%,22.73%,30.99%,28.12%,24.45%,32.11%,
284,New Hampshire,Central 2,7.94%,5.98%,10.46%,39.04%,33.37%,45.01%,25.55%,21.79%,29.71%,27.28%,23.77%,31.10%,
285,New Hampshire,Northern,9.72%,7.23%,12.95%,39.32%,32.97%,46.05%,25.16%,21.18%,29.60%,27.15%,23.38%,31.29%,
286,New Hampshire,Southern,7.40%,5.93%,9.19%,38.10%,33.75%,42.65%,22.39%,19.85%,25.14%,24.44%,22.06%,26.98%,
287,New Hampshire,Southern 1 (Rockingham),7.25%,5.44%,9.59%,39.28%,32.99%,45.95%,20.57%,17.18%,24.43%,22.79%,19.52%,26.43%,
288,New Hampshire,Southern 2,7.50%,5.80%,9.65%,37.46%,32.35%,42.88%,23.55%,20.53%,26.86%,25.46%,22.65%,28.49%,
289,New Jersey,New Jersey,4.97%,4.10%,6.01%,30.63%,28.13%,33.25%,20.88%,19.08%,22.81%,22.16%,20.51%,23.89%,
290,New Jersey,Central,5.65%,4.29%,7.41%,35.40%,30.37%,40.78%,22.23%,19.25%,25.52%,23.89%,21.09%,26.94%,
291,New Jersey,Metropolitan,4.22%,3.17%,5.60%,26.95%,22.73%,31.62%,19.04%,16.32%,22.11%,20.15%,17.63%,22.93%,
292,New Jersey,Northern,4.63%,3.56%,6.00%,28.04%,24.23%,32.21%,18.74%,16.31%,21.45%,19.91%,17.66%,22.38%,
293,New Jersey,Southern,5.58%,4.22%,7.34%,33.91%,29.28%,38.87%,24.85%,21.61%,28.41%,26.07%,23.10%,29.27%,
294,New Mexico,New Mexico,5.56%,4.45%,6.94%,35.80%,32.64%,39.09%,26.05%,23.74%,28.50%,27.46%,25.35%,29.68%,
295,New Mexico,Region 1,6.52%,4.81%,8.78%,37.86%,32.17%,43.91%,27.19%,23.26%,31.52%,28.74%,25.12%,32.66%,
296,New Mexico,Region 2,5.25%,3.81%,7.20%,*,*,*,21.61%,18.01%,25.70%,23.44%,19.99%,27.27%,
297,New Mexico,Region 3 (Bernalillo),5.34%,3.94%,7.19%,33.94%,29.24%,38.97%,26.16%,22.77%,29.86%,27.26%,24.16%,30.60%,
298,New Mexico,Region 4,5.17%,3.77%,7.06%,*,*,*,29.73%,25.30%,34.58%,30.97%,26.85%,35.40%,
299,New Mexico,Region 5,5.25%,3.93%,6.97%,34.85%,30.03%,40.01%,25.80%,22.48%,29.42%,27.24%,24.14%,30.59%,
300,New Mexico,Region 5a,5.55%,3.95%,7.76%,*,*,*,27.71%,23.20%,32.73%,29.13%,24.86%,33.79%,
301,New Mexico,Region 5b (Dona Ana),5.01%,3.57%,6.99%,32.56%,26.62%,39.13%,23.93%,20.03%,28.31%,25.52%,21.85%,29.56%,
302,New York,New York,4.93%,4.19%,5.78%,28.43%,26.59%,30.35%,23.26%,21.94%,24.64%,24.01%,22.83%,25.23%,
303,New York,Region 1: Long Island,4.33%,3.35%,5.58%,27.74%,23.72%,32.14%,19.15%,16.67%,21.92%,20.33%,18.03%,22.84%,
304,New York,Region 2: New York City,3.70%,3.01%,4.55%,24.03%,21.79%,26.41%,20.53%,18.88%,22.29%,21.02%,19.52%,22.60%,
305,New York,Region 2A: Bronx,3.17%,2.31%,4.33%,23.92%,19.80%,28.58%,21.19%,18.10%,24.65%,21.64%,18.84%,24.73%,
306,New York,Region 2B: Kings,3.91%,2.92%,5.20%,24.19%,20.32%,28.53%,21.34%,18.53%,24.45%,21.75%,19.16%,24.59%,
307,New York,Region 2C: New York,4.16%,3.04%,5.66%,27.90%,23.24%,33.08%,21.07%,18.01%,24.49%,21.95%,19.08%,25.11%,
308,New York,Region 2D: Queens,3.42%,2.53%,4.61%,20.21%,16.53%,24.46%,18.61%,15.92%,21.63%,18.81%,16.32%,21.59%,
309,New York,Region 2E: Richmond,4.54%,3.34%,6.14%,27.43%,21.84%,33.83%,22.03%,18.46%,26.06%,22.77%,19.41%,26.53%,
310,New York,Region 3: Mid-Hudson,4.49%,3.40%,5.90%,28.44%,24.04%,33.29%,21.05%,18.36%,24.01%,22.11%,19.62%,24.82%,
311,New York,Region 4: Capital Region,6.67%,5.02%,8.82%,38.12%,32.38%,44.23%,29.03%,25.22%,33.17%,30.36%,26.82%,34.15%,
312,New York,Region 5: Mohawk Valley,*,*,*,*,*,*,34.27%,29.31%,39.59%,34.97%,30.42%,39.82%,
313,New York,Region 6: North Country,*,*,*,*,*,*,33.77%,28.85%,39.06%,34.57%,29.93%,39.52%,
314,New York,Region 7: Tug Hill Seaway,8.61%,6.37%,11.53%,*,*,*,33.85%,29.39%,38.62%,34.23%,30.09%,38.62%,
315,New York,Region 8: Central,6.74%,5.12%,8.83%,33.35%,28.07%,39.09%,31.88%,28.02%,36.01%,32.12%,28.59%,35.86%,
316,New York,Region 9: Southern Tier,7.56%,5.64%,10.07%,32.93%,27.35%,39.04%,30.41%,26.16%,35.03%,30.88%,27.01%,35.02%,
317,New York,Region 10: Finger Lakes,6.41%,4.85%,8.43%,31.97%,27.17%,37.19%,25.53%,22.14%,29.25%,26.50%,23.41%,29.85%,
318,New York,Region 11: Western,6.64%,5.10%,8.59%,33.14%,28.66%,37.94%,30.76%,27.56%,34.15%,31.11%,28.20%,34.17%,
319,North Carolina,North Carolina,6.42%,5.40%,7.62%,35.16%,32.58%,37.83%,26.66%,24.75%,28.66%,27.85%,26.11%,29.66%,
320,North Carolina,Alliance Behavioral Healthcare 1,5.11%,3.81%,6.84%,32.59%,27.00%,38.73%,25.60%,21.88%,29.71%,26.69%,23.18%,30.51%,
321,North Carolina,Alliance Behavioral Healthcare 2,4.87%,3.62%,6.52%,28.60%,23.38%,34.46%,18.08%,14.96%,21.69%,19.54%,16.56%,22.91%,
322,North Carolina,Cardinal Innovations Healthcare Solutions 1,6.23%,4.62%,8.36%,*,*,*,26.47%,22.49%,30.88%,27.86%,24.03%,32.05%,
323,North Carolina,Cardinal Innovations Healthcare Solutions 2,6.09%,4.55%,8.09%,33.17%,27.39%,39.51%,26.48%,22.52%,30.85%,27.46%,23.75%,31.51%,
324,North Carolina,Cardinal Innovations Healthcare Solutions 3,5.09%,3.76%,6.87%,31.60%,26.32%,37.41%,23.19%,19.69%,27.10%,24.33%,21.04%,27.96%,
325,North Carolina,CenterPoint Human Services,6.17%,4.59%,8.24%,35.33%,29.17%,42.03%,27.85%,23.67%,32.44%,28.85%,24.93%,33.12%,
326,North Carolina,Eastpointe,6.48%,4.86%,8.58%,34.59%,28.98%,40.66%,31.58%,27.20%,36.31%,32.00%,27.96%,36.32%,
327,North Carolina,Partners Behavioral Health Management,7.49%,5.73%,9.74%,39.17%,32.80%,45.93%,29.48%,25.33%,34.01%,30.71%,26.79%,34.92%,
328,North Carolina,Sandhills Center 1,*,*,*,*,*,*,31.56%,26.70%,36.86%,32.68%,28.14%,37.57%,
329,North Carolina,Sandhills Center 2,6.09%,4.50%,8.20%,*,*,*,25.29%,21.20%,29.88%,26.36%,22.47%,30.66%,
330,North Carolina,Smoky Mountain Center 1,9.70%,7.24%,12.87%,*,*,*,30.43%,26.00%,35.25%,31.97%,27.81%,36.44%,
331,North Carolina,Smoky Mountain Center 2,*,*,*,*,*,*,25.30%,21.26%,29.81%,26.76%,22.89%,31.03%,
332,North Carolina,Trillium Healthcare Resources 1,7.44%,5.51%,9.97%,36.61%,31.04%,42.56%,28.16%,24.12%,32.60%,29.50%,25.77%,33.52%,
333,North Carolina,Trillium Healthcare Resources 2,*,*,*,*,*,*,28.37%,23.81%,33.43%,29.91%,25.65%,34.56%,
334,North Dakota,North Dakota,8.20%,6.82%,9.82%,40.92%,37.76%,44.16%,29.84%,27.60%,32.18%,31.83%,29.82%,33.92%,
335,North Dakota,Badlands and West Central,9.11%,7.17%,11.50%,45.38%,40.03%,50.83%,28.94%,25.79%,32.30%,31.35%,28.42%,34.43%,
336,North Dakota,Badlands,*,*,*,*,*,*,29.98%,25.13%,35.33%,31.91%,27.29%,36.91%,
337,North Dakota,West Central,9.11%,7.00%,11.78%,46.17%,40.09%,52.37%,28.63%,25.10%,32.45%,31.18%,27.90%,34.67%,
338,North Dakota,Lake Region,10.50%,7.76%,14.06%,*,*,*,34.39%,29.23%,39.95%,35.28%,30.44%,40.44%,
339,North Dakota,North Central,7.67%,5.75%,10.15%,44.20%,37.61%,51.00%,31.73%,27.39%,36.41%,33.94%,29.95%,38.18%,
340,North Dakota,Northeast,7.65%,5.79%,10.06%,38.66%,33.02%,44.62%,31.86%,27.55%,36.49%,33.52%,29.72%,37.54%,
341,North Dakota,Northwest,*,*,*,*,*,*,32.86%,27.50%,38.71%,34.51%,29.43%,39.98%,
342,North Dakota,South Central,8.44%,6.17%,11.43%,*,*,*,29.78%,25.02%,35.02%,32.25%,27.67%,37.19%,
343,North Dakota,Southeast,6.77%,5.14%,8.87%,36.09%,31.56%,40.88%,27.35%,23.96%,31.01%,29.14%,26.13%,32.33%,
344,Ohio,Ohio,7.63%,6.61%,8.79%,39.99%,37.74%,42.27%,30.90%,29.29%,32.57%,32.17%,30.72%,33.65%,
345,Ohio,"Boards 2, 46, 55, and 68",8.70%,6.63%,11.35%,*,*,*,34.47%,29.67%,39.61%,35.96%,31.47%,40.72%,
346,Ohio,"Boards 3, 52, and 85",7.77%,5.76%,10.42%,*,*,*,25.91%,21.81%,30.49%,27.47%,23.54%,31.78%,
347,Ohio,Boards 4 and 78,11.11%,8.34%,14.65%,*,*,*,34.89%,30.01%,40.12%,36.56%,32.03%,41.35%,
348,Ohio,Boards 5 and 60,11.20%,8.55%,14.54%,41.38%,35.14%,47.90%,36.50%,31.59%,41.71%,37.35%,32.88%,42.04%,
349,Ohio,"Boards 7, 15, 41, 79, and 84",10.68%,8.28%,13.67%,*,*,*,35.56%,30.98%,40.42%,36.60%,32.37%,41.05%,
350,Ohio,"Boards 8, 13, and 83",7.67%,5.78%,10.10%,*,*,*,27.53%,23.55%,31.89%,29.09%,25.27%,33.24%,
351,Ohio,Board 9 (Butler),6.81%,5.14%,8.97%,*,*,*,30.33%,26.03%,35.01%,31.36%,27.33%,35.69%,
352,Ohio,Board 12,6.81%,5.12%,9.01%,37.27%,31.14%,43.84%,29.26%,24.76%,34.21%,30.50%,26.32%,35.03%,
353,Ohio,Boards 18 and 47,6.37%,4.90%,8.24%,40.89%,36.03%,45.93%,29.48%,26.15%,33.06%,31.01%,27.95%,34.24%,
354,Ohio,"Boards 20, 32, 54, and 69",7.05%,5.34%,9.26%,44.53%,38.02%,51.24%,35.28%,30.75%,40.10%,36.50%,32.28%,40.93%,
355,Ohio,"Boards 21, 39, 51, 70, and 80",8.25%,6.34%,10.66%,41.79%,35.53%,48.32%,30.47%,26.24%,35.06%,31.92%,27.97%,36.15%,
356,Ohio,"Boards 22, 74, and 87",8.04%,6.06%,10.60%,42.56%,36.34%,49.03%,35.85%,31.19%,40.81%,36.86%,32.60%,41.32%,
357,Ohio,Boards 23 and 45,7.77%,5.82%,10.31%,39.52%,33.17%,46.25%,31.78%,27.41%,36.50%,32.88%,28.82%,37.21%,
358,Ohio,Board 25 (Franklin),6.21%,4.75%,8.10%,37.96%,33.24%,42.91%,27.22%,23.85%,30.86%,28.86%,25.82%,32.10%,
359,Ohio,"Boards 27, 71, and 73",10.21%,7.78%,13.28%,*,*,*,37.94%,33.02%,43.12%,38.62%,34.03%,43.42%,
360,Ohio,"Boards 28, 43, and 67",7.82%,5.98%,10.18%,38.39%,32.49%,44.65%,28.24%,24.26%,32.59%,29.68%,25.99%,33.66%,
361,Ohio,Board 31 (Hamilton),6.40%,4.83%,8.44%,37.70%,32.00%,43.76%,29.19%,25.59%,33.07%,30.41%,27.09%,33.96%,
362,Ohio,Board 48 (Lucas),6.86%,5.15%,9.08%,38.61%,32.39%,45.22%,34.12%,29.62%,38.93%,34.79%,30.63%,39.20%,
363,Ohio,Boards 50 and 76,7.69%,5.94%,9.90%,41.66%,35.76%,47.82%,32.55%,28.45%,36.94%,33.73%,29.93%,37.75%,
364,Ohio,Board 57 (Montgomery),7.15%,5.39%,9.43%,36.86%,30.76%,43.41%,30.18%,25.98%,34.74%,31.10%,27.17%,35.33%,
365,Ohio,Board 77 (Summit),6.95%,5.18%,9.27%,33.60%,27.75%,40.00%,26.27%,22.39%,30.55%,27.23%,23.63%,31.16%,
366,Oklahoma,Oklahoma,8.88%,7.29%,10.77%,38.94%,35.69%,42.30%,33.15%,30.74%,35.65%,34.02%,31.84%,36.27%,
367,Oklahoma,Central,8.36%,6.20%,11.18%,37.16%,31.25%,43.48%,30.71%,26.23%,35.60%,31.74%,27.64%,36.15%,
368,Oklahoma,East Central,11.59%,8.63%,15.39%,*,*,*,37.02%,32.25%,42.05%,37.56%,33.13%,42.21%,
369,Oklahoma,Northeast,10.77%,8.05%,14.27%,35.80%,29.55%,42.57%,33.18%,28.65%,38.04%,33.61%,29.45%,38.03%,
370,Oklahoma,Northwest and Southwest,9.28%,6.88%,12.40%,46.32%,39.67%,53.10%,39.59%,34.86%,44.52%,40.63%,36.27%,45.14%,
371,Oklahoma,Oklahoma County,5.81%,4.28%,7.84%,35.70%,30.11%,41.70%,28.85%,24.94%,33.10%,29.84%,26.23%,33.71%,
372,Oklahoma,Southeast,12.10%,9.08%,15.96%,42.82%,36.24%,49.65%,36.32%,31.79%,41.11%,37.24%,33.06%,41.61%,
373,Oklahoma,Tulsa County,6.63%,4.89%,8.93%,35.66%,29.76%,42.02%,29.16%,25.14%,33.53%,30.09%,26.33%,34.13%,
374,Oregon,Oregon,7.07%,5.84%,8.54%,33.91%,30.77%,37.20%,22.60%,20.47%,24.89%,24.11%,22.14%,26.19%,
375,Oregon,Region 1 (Multnomah),5.96%,4.44%,7.97%,30.73%,25.33%,36.72%,21.63%,18.45%,25.18%,22.77%,19.75%,26.10%,
376,Oregon,Region 2,6.07%,4.65%,7.88%,32.59%,27.63%,37.97%,17.76%,14.89%,21.05%,19.66%,16.94%,22.69%,
377,Oregon,Region 3,7.38%,5.67%,9.57%,34.12%,29.40%,39.18%,24.59%,21.23%,28.30%,26.04%,23.00%,29.33%,
378,Oregon,Region 4,8.99%,6.75%,11.88%,37.98%,31.99%,44.36%,25.76%,21.83%,30.12%,27.18%,23.49%,31.21%,
379,Oregon,Region 5 (Central),*,*,*,*,*,*,21.50%,17.34%,26.33%,23.29%,19.19%,27.97%,
380,Oregon,Region 6 (Eastern),7.83%,5.73%,10.60%,*,*,*,28.16%,23.62%,33.20%,29.34%,25.04%,34.04%,
381,Pennsylvania,Pennsylvania,6.67%,5.74%,7.75%,37.00%,34.83%,39.21%,27.76%,26.21%,29.38%,29.03%,27.63%,30.46%,
382,Pennsylvania,Region 1 (Allegheny),7.53%,5.79%,9.73%,35.78%,30.69%,41.21%,26.93%,23.43%,30.74%,28.05%,24.83%,31.51%,
383,Pennsylvania,"Regions 3, 8, 9, and 51",9.98%,7.67%,12.89%,43.18%,37.16%,49.42%,31.40%,27.42%,35.68%,33.00%,29.33%,36.89%,
384,Pennsylvania,"Regions 4, 11, 37, and 49",5.94%,4.52%,7.79%,36.76%,30.89%,43.04%,29.24%,25.28%,33.56%,30.25%,26.54%,34.24%,
385,Pennsylvania,"Regions 5, 18, 23, 24, and 46",7.71%,5.87%,10.07%,38.75%,32.95%,44.89%,27.42%,23.70%,31.49%,28.88%,25.40%,32.62%,
386,Pennsylvania,"Regions 6, 12, 16, 31, 35, 45, and 47",9.33%,7.12%,12.13%,38.32%,32.86%,44.09%,32.05%,27.88%,36.52%,33.19%,29.43%,37.17%,
387,Pennsylvania,"Regions 7, 13, 20, and 33",5.41%,4.20%,6.94%,33.20%,29.05%,37.64%,19.80%,17.44%,22.40%,21.53%,19.33%,23.91%,
388,Pennsylvania,"Regions 10, 15, 27, 32, 43, and 44",9.46%,7.18%,12.37%,44.25%,37.72%,50.98%,33.99%,29.44%,38.85%,35.22%,30.96%,39.73%,
389,Pennsylvania,Regions 17 and 21,7.91%,5.96%,10.42%,*,*,*,32.01%,27.33%,37.08%,32.87%,28.46%,37.61%,
390,Pennsylvania,"Regions 19, 26, 28, and 42",5.84%,4.49%,7.58%,39.92%,34.97%,45.09%,28.75%,25.39%,32.36%,30.21%,27.12%,33.48%,
391,Pennsylvania,"Regions 22, 38, 40, 41, and 48",9.20%,7.08%,11.86%,44.50%,38.34%,50.84%,30.46%,26.55%,34.67%,32.05%,28.40%,35.93%,
392,Pennsylvania,Regions 29 and 34,4.72%,3.49%,6.35%,33.59%,27.64%,40.12%,26.51%,22.46%,30.99%,27.47%,23.69%,31.61%,
393,Pennsylvania,Regions 30 and 50,7.45%,5.63%,9.80%,40.53%,34.57%,46.78%,32.08%,27.88%,36.61%,33.15%,29.22%,37.32%,
394,Pennsylvania,Region 36 (Philadelphia),4.65%,3.54%,6.09%,32.30%,27.91%,37.01%,30.41%,26.74%,34.35%,30.73%,27.49%,34.16%,
395,Rhode Island,Rhode Island,6.03%,4.86%,7.45%,33.21%,29.82%,36.79%,23.99%,21.72%,26.42%,25.42%,23.30%,27.67%,
396,Rhode Island,Region 1: Southern Providence County,4.93%,3.57%,6.76%,*,*,*,22.97%,19.34%,27.05%,24.36%,20.91%,28.18%,
397,Rhode Island,Region 2: Northern Providence County/Blackstone Valley,5.23%,3.84%,7.08%,34.59%,28.68%,41.01%,27.20%,23.22%,31.58%,28.15%,24.42%,32.21%,
398,Rhode Island,Region 3: Providence,4.52%,3.21%,6.33%,26.28%,21.17%,32.11%,24.46%,20.31%,29.15%,24.91%,21.20%,29.02%,
399,Rhode Island,Region 4: Kent County,8.09%,6.00%,10.82%,*,*,*,26.39%,22.52%,30.66%,27.87%,24.17%,31.89%,
400,Rhode Island,Region 5: East Bay,6.62%,4.80%,9.06%,*,*,*,23.34%,19.49%,27.70%,25.47%,21.76%,29.59%,
401,Rhode Island,Region 6: Newport County,7.00%,5.06%,9.62%,*,*,*,19.21%,15.82%,23.13%,21.46%,18.09%,25.26%,
402,Rhode Island,Region 7: South County,7.58%,5.54%,10.28%,*,*,*,19.66%,16.35%,23.45%,22.38%,19.16%,25.97%,
403,South Carolina,South Carolina,7.58%,6.26%,9.15%,39.44%,36.16%,42.82%,29.43%,27.20%,31.76%,30.83%,28.78%,32.95%,
404,South Carolina,Region 1,8.14%,6.28%,10.49%,38.16%,33.14%,43.46%,32.11%,28.50%,35.95%,32.96%,29.67%,36.42%,
405,South Carolina,Region 2,7.02%,5.40%,9.07%,39.03%,33.77%,44.56%,28.49%,24.95%,32.32%,30.05%,26.77%,33.55%,
406,South Carolina,Region 3,8.05%,6.02%,10.68%,38.47%,32.56%,44.74%,29.78%,25.85%,34.03%,30.90%,27.23%,34.83%,
407,South Carolina,Region 4,7.12%,5.41%,9.33%,41.93%,36.18%,47.90%,26.93%,23.67%,30.45%,29.01%,25.98%,32.23%,
408,South Dakota,South Dakota,8.78%,7.26%,10.59%,40.73%,37.39%,44.17%,28.87%,26.52%,31.34%,30.63%,28.50%,32.85%,
409,South Dakota,Region 1,9.57%,7.27%,12.50%,45.52%,39.62%,51.56%,30.02%,26.29%,34.04%,32.22%,28.77%,35.88%,
410,South Dakota,Region 2,9.95%,7.49%,13.10%,*,*,*,30.54%,25.93%,35.57%,32.28%,27.94%,36.95%,
411,South Dakota,Region 3,9.29%,7.14%,12.01%,39.03%,33.43%,44.92%,28.39%,24.62%,32.48%,30.16%,26.73%,33.83%,
412,South Dakota,Region 4,9.75%,7.37%,12.80%,42.37%,36.15%,48.84%,30.85%,26.45%,35.64%,32.70%,28.66%,37.01%,
413,South Dakota,Region 5,6.84%,5.09%,9.13%,36.36%,31.21%,41.84%,26.78%,23.22%,30.68%,28.09%,24.80%,31.64%,
414,Tennessee,Tennessee,8.04%,6.69%,9.63%,37.80%,34.66%,41.04%,30.57%,28.18%,33.06%,31.58%,29.40%,33.85%,
415,Tennessee,Region 1,11.09%,8.35%,14.59%,42.11%,35.73%,48.76%,32.93%,28.22%,38.01%,34.07%,29.66%,38.78%,
416,Tennessee,Region 2,8.97%,6.81%,11.72%,40.83%,34.56%,47.41%,32.68%,28.44%,37.24%,33.75%,29.75%,37.99%,
417,Tennessee,Region 3,9.43%,7.13%,12.36%,40.83%,34.48%,47.49%,30.69%,26.68%,35.01%,32.05%,28.25%,36.11%,
418,Tennessee,Region 4 (Davidson),5.17%,3.84%,6.93%,*,*,*,26.77%,22.34%,31.71%,27.98%,23.80%,32.58%,
419,Tennessee,Region 5,7.99%,6.14%,10.35%,38.74%,33.30%,44.48%,30.92%,27.13%,34.99%,32.03%,28.57%,35.69%,
420,Tennessee,Region 6,9.24%,6.83%,12.38%,*,*,*,34.17%,29.27%,39.44%,35.00%,30.48%,39.80%,
421,Tennessee,Region 7 (Shelby),5.27%,3.83%,7.21%,29.00%,23.64%,35.02%,25.65%,21.62%,30.13%,26.18%,22.49%,30.23%,
422,Texas,Texas,4.87%,4.17%,5.68%,30.56%,28.77%,32.41%,24.46%,23.17%,25.80%,25.40%,24.27%,26.57%,
423,Texas,Region 1,5.41%,3.99%,7.31%,33.26%,27.42%,39.66%,29.71%,25.55%,34.23%,30.32%,26.46%,34.47%,
424,Texas,Region 2,6.71%,5.01%,8.93%,*,*,*,35.38%,30.74%,40.31%,36.34%,32.00%,40.91%,
425,Texas,Region 3,4.76%,3.87%,5.84%,28.11%,25.36%,31.03%,22.76%,20.88%,24.76%,23.54%,21.85%,25.32%,
426,Texas,Region 3a,4.55%,3.55%,5.83%,27.09%,23.75%,30.70%,21.24%,18.94%,23.74%,22.09%,20.03%,24.31%,
427,Texas,Region 3bc,5.13%,3.97%,6.59%,29.91%,25.74%,34.44%,25.45%,22.65%,28.48%,26.10%,23.54%,28.84%,
428,Texas,Region 4,7.73%,5.92%,10.05%,40.66%,34.71%,46.89%,34.19%,30.19%,38.41%,35.08%,31.36%,38.99%,
429,Texas,Region 5,7.37%,5.51%,9.80%,35.74%,29.65%,42.33%,30.69%,26.29%,35.47%,31.43%,27.36%,35.82%,
430,Texas,Region 6,4.51%,3.60%,5.63%,28.27%,24.82%,31.99%,22.14%,20.06%,24.37%,23.06%,21.15%,25.09%,
431,Texas,Region 6a,4.40%,3.45%,5.59%,27.63%,23.94%,31.65%,21.67%,19.44%,24.07%,22.57%,20.53%,24.76%,
432,Texas,Region 6bc,5.47%,4.09%,7.30%,*,*,*,26.08%,22.00%,30.61%,27.21%,23.33%,31.47%,
433,Texas,Region 7,4.92%,3.92%,6.15%,33.23%,29.40%,37.30%,25.40%,22.92%,28.04%,26.74%,24.46%,29.14%,
434,Texas,Region 7a,4.59%,3.44%,6.09%,32.62%,27.64%,38.03%,22.25%,19.34%,25.46%,23.85%,21.11%,26.82%,
435,Texas,Region 7bcd,5.53%,4.22%,7.21%,34.05%,28.78%,39.74%,31.27%,27.25%,35.60%,31.82%,28.22%,35.65%,
436,Texas,Region 8,4.16%,3.18%,5.41%,32.88%,28.61%,37.45%,23.55%,20.77%,26.58%,24.99%,22.45%,27.72%,
437,Texas,Region 9,5.09%,3.75%,6.88%,*,*,*,30.13%,25.73%,34.94%,31.07%,26.94%,35.52%,
438,Texas,Region 10,4.37%,3.24%,5.85%,28.25%,23.08%,34.06%,21.18%,17.82%,24.98%,22.41%,19.24%,25.94%,
439,Texas,Region 11,4.62%,3.64%,5.86%,26.33%,22.74%,30.26%,23.89%,21.05%,26.98%,24.30%,21.77%,27.02%,
440,Texas,Region 11abd,4.50%,3.39%,5.96%,27.49%,22.84%,32.68%,25.07%,21.40%,29.12%,25.46%,22.15%,29.08%,
441,Texas,Region 11c (Hidalgo),4.81%,3.51%,6.55%,24.47%,19.62%,30.06%,21.81%,18.13%,25.99%,22.28%,18.91%,26.06%,
442,Utah,Utah,3.54%,2.59%,4.84%,19.88%,17.10%,22.99%,15.52%,13.74%,17.49%,16.32%,14.68%,18.10%,
443,Utah,"Bear River, Northeastern, Summit, Tooele, and Wasatch",3.96%,2.63%,5.93%,*,*,*,17.16%,13.63%,21.38%,17.51%,14.21%,21.40%,
444,Utah,"Central, Four Corners, San Juan, and Southwest",4.98%,3.46%,7.12%,22.69%,17.86%,28.37%,17.28%,14.35%,20.65%,18.23%,15.39%,21.45%,
445,Utah,"Central, Four Corners, and San Juan",*,*,*,*,*,*,19.51%,15.64%,24.08%,20.08%,16.36%,24.40%,
446,Utah,Southwest,4.80%,3.20%,7.16%,*,*,*,15.89%,12.55%,19.92%,17.09%,13.81%,20.95%,
447,Utah,Davis County,3.25%,2.18%,4.83%,18.89%,14.21%,24.67%,13.69%,10.82%,17.18%,14.58%,11.80%,17.87%,
448,Utah,Salt Lake County,3.31%,2.27%,4.81%,21.72%,18.02%,25.93%,15.57%,13.41%,18.02%,16.57%,14.55%,18.80%,
449,Utah,Utah County,3.02%,2.03%,4.47%,16.16%,12.31%,20.92%,12.69%,10.19%,15.70%,13.54%,11.18%,16.32%,
450,Utah,"Weber, Morgan",3.45%,2.32%,5.12%,22.23%,17.33%,28.06%,18.23%,14.82%,22.22%,18.89%,15.72%,22.53%,
451,Vermont,Vermont,8.48%,7.04%,10.20%,43.13%,39.49%,46.86%,26.27%,23.99%,28.69%,28.78%,26.69%,30.96%,
452,Vermont,Champlain Valley,7.29%,5.58%,9.46%,43.46%,38.64%,48.41%,23.94%,20.99%,27.15%,27.33%,24.67%,30.16%,
453,Vermont,Rural Northeast,10.66%,8.23%,13.69%,*,*,*,30.91%,26.67%,35.50%,32.90%,28.95%,37.11%,
454,Vermont,Rural Southeast,7.92%,5.97%,10.45%,*,*,*,23.91%,20.39%,27.84%,25.86%,22.49%,29.55%,
455,Vermont,Rural Southwest,8.95%,6.71%,11.85%,*,*,*,28.25%,24.15%,32.75%,30.18%,26.28%,34.38%,
456,Virginia,Virginia,6.17%,5.13%,7.41%,33.73%,31.14%,36.43%,25.41%,23.68%,27.23%,26.59%,25.01%,28.24%,
457,Virginia,Region 1,6.55%,4.97%,8.58%,34.49%,29.33%,40.03%,25.70%,22.41%,29.29%,27.08%,24.03%,30.36%,
458,Virginia,Region 2,3.92%,2.89%,5.31%,23.77%,19.92%,28.10%,15.93%,13.67%,18.48%,16.86%,14.72%,19.23%,
459,Virginia,Region 3,10.59%,8.19%,13.60%,43.43%,38.16%,48.84%,36.15%,32.30%,40.19%,37.22%,33.72%,40.85%,
460,Virginia,Region 4,6.39%,4.86%,8.37%,34.66%,29.72%,39.96%,27.65%,24.37%,31.19%,28.66%,25.63%,31.88%,
461,Virginia,Region 5,5.86%,4.44%,7.70%,35.11%,30.61%,39.88%,27.80%,24.53%,31.33%,28.94%,25.98%,32.10%,
462,Washington,Washington,5.86%,4.77%,7.16%,29.78%,26.71%,33.05%,21.22%,19.21%,23.39%,22.40%,20.51%,24.41%,
463,Washington,Region 1,6.27%,4.85%,8.07%,31.06%,26.57%,35.94%,24.29%,21.05%,27.84%,25.36%,22.35%,28.63%,
464,Washington,Greater Columbia and North Central,4.96%,3.58%,6.84%,27.48%,22.35%,33.29%,22.26%,18.45%,26.61%,23.15%,19.60%,27.12%,
465,Washington,Spokane,8.50%,6.23%,11.49%,*,*,*,27.12%,22.71%,32.04%,28.57%,24.39%,33.17%,
466,Washington,Region 2,4.87%,3.78%,6.27%,26.56%,22.79%,30.71%,16.92%,14.73%,19.35%,18.16%,16.09%,20.44%,
467,Washington,King,4.41%,3.23%,5.99%,25.31%,20.70%,30.56%,14.98%,12.58%,17.75%,16.28%,13.96%,18.89%,
468,Washington,North Sound,5.61%,4.18%,7.51%,28.59%,23.23%,34.62%,20.41%,17.01%,24.30%,21.53%,18.29%,25.16%,
469,Washington,Region 3,6.83%,5.43%,8.57%,33.20%,29.12%,37.55%,25.50%,22.72%,28.49%,26.54%,23.95%,29.30%,
470,Washington,Pierce,6.26%,4.67%,8.35%,32.19%,26.59%,38.35%,26.06%,22.38%,30.13%,26.96%,23.52%,30.69%,
471,Washington,Salish,*,*,*,*,*,*,22.48%,18.55%,26.97%,23.74%,19.92%,28.02%,
472,Washington,SW WA and Great Rivers,7.36%,5.37%,10.02%,*,*,*,27.12%,22.70%,32.04%,28.19%,24.07%,32.71%,
473,Washington,Thurston-Mason,*,*,*,*,*,*,*,*,*,25.13%,20.78%,30.04%,
474,West Virginia,West Virginia,12.89%,10.97%,15.09%,47.87%,44.46%,51.29%,38.62%,35.95%,41.36%,39.82%,37.38%,42.32%,
475,West Virginia,Region I,12.70%,9.62%,16.59%,*,*,*,37.22%,31.68%,43.12%,38.53%,33.37%,43.96%,
476,West Virginia,Region II,9.53%,7.29%,12.37%,*,*,*,32.68%,28.13%,37.58%,33.85%,29.58%,38.39%,
477,West Virginia,Region III,13.45%,10.21%,17.51%,*,*,*,38.69%,33.61%,44.04%,39.67%,34.89%,44.66%,
478,West Virginia,Region IV,13.57%,10.74%,17.00%,48.21%,42.62%,53.84%,40.56%,36.13%,45.14%,41.84%,37.86%,45.92%,
479,West Virginia,Region V,13.14%,10.37%,16.52%,48.50%,42.79%,54.25%,39.03%,34.87%,43.36%,40.16%,36.32%,44.12%,
480,West Virginia,Region VI,14.63%,11.59%,18.30%,51.83%,45.52%,58.08%,40.82%,36.43%,45.37%,42.07%,37.97%,46.28%,
481,Wisconsin,Wisconsin,7.06%,5.82%,8.53%,33.51%,30.36%,36.82%,26.40%,24.21%,28.72%,27.41%,25.38%,29.55%,
482,Wisconsin,Milwaukee,4.92%,3.66%,6.59%,29.05%,23.99%,34.69%,27.74%,23.73%,32.14%,27.95%,24.32%,31.89%,
483,Wisconsin,Northeastern,7.37%,5.54%,9.73%,33.85%,28.19%,40.02%,26.74%,23.09%,30.74%,27.68%,24.25%,31.39%,
484,Wisconsin,Northern,9.46%,7.02%,12.63%,*,*,*,29.35%,24.85%,34.30%,30.37%,26.13%,34.97%,
485,Wisconsin,Southeastern,6.54%,4.91%,8.68%,32.26%,26.73%,38.33%,24.43%,20.76%,28.50%,25.48%,22.06%,29.23%,
486,Wisconsin,Southern,6.41%,4.80%,8.51%,33.98%,28.64%,39.77%,24.01%,20.58%,27.80%,25.42%,22.21%,28.93%,
487,Wisconsin,Western,9.70%,7.32%,12.75%,37.74%,31.65%,44.24%,28.84%,24.48%,33.64%,30.20%,26.17%,34.56%,
488,Wyoming,Wyoming,9.36%,7.73%,11.28%,41.75%,38.40%,45.17%,29.95%,27.52%,32.51%,31.65%,29.42%,33.96%,
489,Wyoming,Judicial District 1 (Laramie),8.53%,6.24%,11.54%,*,*,*,30.68%,26.29%,35.46%,32.14%,28.05%,36.53%,
490,Wyoming,Judicial District 2,7.21%,5.28%,9.79%,35.05%,29.48%,41.07%,27.74%,23.45%,32.49%,29.68%,25.90%,33.76%,
491,Wyoming,Judicial District 3,8.12%,6.03%,10.84%,*,*,*,28.39%,24.08%,33.15%,29.86%,25.81%,34.26%,
492,Wyoming,Judicial District 4,10.98%,8.23%,14.49%,*,*,*,27.03%,22.33%,32.30%,28.96%,24.43%,33.95%,
493,Wyoming,Judicial District 5,9.57%,7.11%,12.76%,*,*,*,27.48%,23.46%,31.90%,29.35%,25.47%,33.56%,
494,Wyoming,Judicial District 6,9.82%,7.36%,12.98%,43.86%,37.71%,50.21%,35.83%,30.80%,41.20%,36.95%,32.32%,41.83%,
495,Wyoming,Judicial District 7 (Natrona),9.88%,7.36%,13.13%,*,*,*,32.87%,28.51%,37.55%,34.43%,30.33%,38.77%,
496,Wyoming,Judicial District 8,9.59%,7.09%,12.85%,*,*,*,30.93%,26.01%,36.33%,32.97%,28.29%,38.01%,
497,Wyoming,Judicial District 9,11.21%,8.36%,14.88%,*,*,*,27.27%,22.98%,32.02%,29.64%,25.56%,34.07%,
